-- Урок 4. Дз по теме “CRUD – операции” 

-- i. Заполнить все таблицы БД vk данными (по 10-100 записей в каждой таблице)
-- используем сервис http://filldb.info/ 

DROP DATABASE IF EXISTS vk;
CREATE DATABASE vk;
USE vk;

-- Generation time: Mon, 17 Feb 2020 14:48:26 +0000
-- Host: mysql.hostinger.ro
-- DB name: u574849695_25
/*!40030 SET NAMES UTF8 */;
/*!40101 SET @OLD_CHARACTER_SET_CLIENT=@@CHARACTER_SET_CLIENT */;
/*!40101 SET @OLD_CHARACTER_SET_RESULTS=@@CHARACTER_SET_RESULTS */;
/*!40101 SET @OLD_COLLATION_CONNECTION=@@COLLATION_CONNECTION */;
/*!40103 SET @OLD_TIME_ZONE=@@TIME_ZONE */;
/*!40103 SET TIME_ZONE='+00:00' */;
/*!40014 SET @OLD_UNIQUE_CHECKS=@@UNIQUE_CHECKS, UNIQUE_CHECKS=0 */;
/*!40014 SET @OLD_FOREIGN_KEY_CHECKS=@@FOREIGN_KEY_CHECKS, FOREIGN_KEY_CHECKS=0 */;
/*!40101 SET @OLD_SQL_MODE=@@SQL_MODE, SQL_MODE='NO_AUTO_VALUE_ON_ZERO' */;
/*!40111 SET @OLD_SQL_NOTES=@@SQL_NOTES, SQL_NOTES=0 */;

DROP TABLE IF EXISTS `bookmarks`;
CREATE TABLE `bookmarks` (
  `id` bigint(20) unsigned NOT NULL AUTO_INCREMENT,
  `user_id` bigint(20) unsigned DEFAULT NULL,
  `media_id` bigint(20) unsigned NOT NULL,
  `likes_id` bigint(20) unsigned NOT NULL,
  PRIMARY KEY (`id`),
  UNIQUE KEY `id` (`id`),
  KEY `user_id` (`user_id`),
  KEY `media_id` (`media_id`),
  KEY `likes_id` (`likes_id`),
  CONSTRAINT `bookmarks_ibfk_1` FOREIGN KEY (`user_id`) REFERENCES `users` (`id`),
  CONSTRAINT `bookmarks_ibfk_2` FOREIGN KEY (`media_id`) REFERENCES `media` (`id`),
  CONSTRAINT `bookmarks_ibfk_3` FOREIGN KEY (`likes_id`) REFERENCES `likes` (`id`)
) ENGINE=InnoDB AUTO_INCREMENT=101 DEFAULT CHARSET=utf8 COLLATE=utf8_unicode_ci;

INSERT INTO `bookmarks` VALUES ('1','1','1','1'),
('2','2','2','2'),
('3','3','3','3'),
('4','4','4','4'),
('5','5','5','5'),
('6','6','6','6'),
('7','7','7','7'),
('8','8','8','8'),
('9','9','9','9'),
('10','10','10','10'),
('11','11','11','11'),
('12','12','12','12'),
('13','13','13','13'),
('14','14','14','14'),
('15','15','15','15'),
('16','16','16','16'),
('17','17','17','17'),
('18','18','18','18'),
('19','19','19','19'),
('20','20','20','20'),
('21','21','21','21'),
('22','22','22','22'),
('23','23','23','23'),
('24','24','24','24'),
('25','25','25','25'),
('26','26','26','26'),
('27','27','27','27'),
('28','28','28','28'),
('29','29','29','29'),
('30','30','30','30'),
('31','31','31','31'),
('32','32','32','32'),
('33','33','33','33'),
('34','34','34','34'),
('35','35','35','35'),
('36','36','36','36'),
('37','37','37','37'),
('38','38','38','38'),
('39','39','39','39'),
('40','40','40','40'),
('41','41','41','41'),
('42','42','42','42'),
('43','43','43','43'),
('44','44','44','44'),
('45','45','45','45'),
('46','46','46','46'),
('47','47','47','47'),
('48','48','48','48'),
('49','49','49','49'),
('50','50','50','50'),
('51','51','51','51'),
('52','52','52','52'),
('53','53','53','53'),
('54','54','54','54'),
('55','55','55','55'),
('56','56','56','56'),
('57','57','57','57'),
('58','58','58','58'),
('59','59','59','59'),
('60','60','60','60'),
('61','61','61','61'),
('62','62','62','62'),
('63','63','63','63'),
('64','64','64','64'),
('65','65','65','65'),
('66','66','66','66'),
('67','67','67','67'),
('68','68','68','68'),
('69','69','69','69'),
('70','70','70','70'),
('71','71','71','71'),
('72','72','72','72'),
('73','73','73','73'),
('74','74','74','74'),
('75','75','75','75'),
('76','76','76','76'),
('77','77','77','77'),
('78','78','78','78'),
('79','79','79','79'),
('80','80','80','80'),
('81','81','81','81'),
('82','82','82','82'),
('83','83','83','83'),
('84','84','84','84'),
('85','85','85','85'),
('86','86','86','86'),
('87','87','87','87'),
('88','88','88','88'),
('89','89','89','89'),
('90','90','90','90'),
('91','91','91','91'),
('92','92','92','92'),
('93','93','93','93'),
('94','94','94','94'),
('95','95','95','95'),
('96','96','96','96'),
('97','97','97','97'),
('98','98','98','98'),
('99','99','99','99'),
('100','100','100','100'); 


DROP TABLE IF EXISTS `communities`;
CREATE TABLE `communities` (
  `id` bigint(20) unsigned NOT NULL AUTO_INCREMENT,
  `name` varchar(150) COLLATE utf8_unicode_ci DEFAULT NULL,
  PRIMARY KEY (`id`),
  KEY `communities_name_idx` (`name`)
) ENGINE=InnoDB AUTO_INCREMENT=101 DEFAULT CHARSET=utf8 COLLATE=utf8_unicode_ci;

INSERT INTO `communities` VALUES ('24','accusamus'),
('31','accusamus'),
('68','ad'),
('90','adipisci'),
('63','assumenda'),
('47','aut'),
('98','aut'),
('52','autem'),
('43','blanditiis'),
('87','cupiditate'),
('95','delectus'),
('59','deserunt'),
('53','dicta'),
('10','dignissimos'),
('62','distinctio'),
('77','dolor'),
('67','dolorum'),
('82','ducimus'),
('35','ea'),
('45','ea'),
('48','ea'),
('83','ea'),
('32','eaque'),
('71','eaque'),
('92','earum'),
('13','enim'),
('94','enim'),
('54','esse'),
('5','est'),
('11','est'),
('40','est'),
('9','et'),
('26','et'),
('65','et'),
('27','eum'),
('85','expedita'),
('51','facilis'),
('42','fugit'),
('96','ipsam'),
('36','itaque'),
('78','iure'),
('44','iusto'),
('66','labore'),
('6','laborum'),
('2','libero'),
('28','magnam'),
('1','magni'),
('38','maxime'),
('16','modi'),
('18','nam'),
('74','nisi'),
('99','nisi'),
('37','nobis'),
('57','non'),
('75','nostrum'),
('19','nulla'),
('7','odit'),
('23','odit'),
('80','odit'),
('86','officia'),
('39','omnis'),
('50','possimus'),
('58','quae'),
('89','quasi'),
('4','qui'),
('17','qui'),
('21','qui'),
('33','qui'),
('29','quia'),
('93','quia'),
('84','quibusdam'),
('34','quidem'),
('69','quis'),
('49','quisquam'),
('60','quisquam'),
('30','quo'),
('41','quod'),
('70','rem'),
('20','repellat'),
('55','rerum'),
('15','saepe'),
('97','sint'),
('73','tempora'),
('25','tempore'),
('76','temporibus'),
('12','totam'),
('91','unde'),
('81','ut'),
('72','velit'),
('3','veritatis'),
('64','veritatis'),
('8','vero'),
('79','vero'),
('22','voluptas'),
('46','voluptas'),
('88','voluptas'),
('14','voluptatem'),
('56','voluptatem'),
('100','voluptatem'),
('61','voluptatum'); 


DROP TABLE IF EXISTS `friend_requests`;
CREATE TABLE `friend_requests` (
  `initiator_user_id` bigint(20) unsigned NOT NULL,
  `target_user_id` bigint(20) unsigned NOT NULL,
  `status` enum('requested','approved','unfriended','declined') COLLATE utf8_unicode_ci DEFAULT NULL,
  `requested_at` datetime DEFAULT current_timestamp(),
  `confirmed_at` datetime DEFAULT NULL,
  PRIMARY KEY (`initiator_user_id`,`target_user_id`),
  KEY `initiator_user_id` (`initiator_user_id`),
  KEY `target_user_id` (`target_user_id`),
  CONSTRAINT `friend_requests_ibfk_1` FOREIGN KEY (`initiator_user_id`) REFERENCES `users` (`id`),
  CONSTRAINT `friend_requests_ibfk_2` FOREIGN KEY (`target_user_id`) REFERENCES `users` (`id`)
) ENGINE=InnoDB DEFAULT CHARSET=utf8 COLLATE=utf8_unicode_ci;

INSERT INTO `friend_requests` VALUES ('1','1','','1992-03-22 22:47:52','2005-07-15 08:43:47'),
('2','2','','1972-03-09 14:39:10','2005-01-21 09:55:01'),
('3','3','','1972-07-19 13:31:32','2014-03-02 12:39:34'),
('4','4','','1972-11-30 20:34:16','2009-05-24 16:59:50'),
('5','5','','2013-02-08 20:54:00','2000-12-13 18:24:21'),
('6','6','','1991-06-09 12:50:03','1971-02-11 06:46:16'),
('7','7','','1987-08-27 01:32:08','1989-04-30 08:44:35'),
('8','8','','1998-12-08 21:22:10','2001-03-27 16:54:27'),
('9','9','','2003-12-15 07:08:06','1990-11-17 02:02:33'),
('10','10','','2002-09-18 06:12:45','2009-05-09 08:03:46'),
('11','11','','1997-09-13 18:44:18','2011-04-30 05:17:33'),
('12','12','','1993-01-20 21:31:28','2007-09-08 15:58:02'),
('13','13','','1986-04-01 18:57:55','1975-09-17 06:56:50'),
('14','14','','2018-07-07 10:31:30','2002-09-30 20:47:56'),
('15','15','','2019-07-28 21:17:40','1979-11-07 11:52:46'),
('16','16','','1971-06-13 13:07:51','1987-07-30 05:31:46'),
('17','17','','1985-11-02 03:09:44','2014-10-14 13:57:37'),
('18','18','','1994-02-07 03:39:19','2005-10-21 00:15:56'),
('19','19','','2013-06-21 13:47:28','2013-02-28 21:44:30'),
('20','20','','2003-09-12 23:02:45','2000-11-13 07:23:20'),
('21','21','','1978-11-10 18:41:55','1976-05-26 09:20:00'),
('22','22','','2010-12-28 07:43:59','2018-09-10 22:39:40'),
('23','23','','2009-10-03 06:00:43','1986-12-31 13:05:23'),
('24','24','','2017-08-01 10:48:26','2017-06-05 07:09:21'),
('25','25','','2011-11-04 19:01:08','1977-07-13 20:12:23'),
('26','26','','1983-12-08 18:46:55','2000-04-27 20:40:44'),
('27','27','','1992-01-17 07:06:10','1982-09-24 00:41:13'),
('28','28','','2007-09-28 17:10:22','1982-03-26 02:40:26'),
('29','29','','2018-03-22 18:01:27','1970-04-18 06:22:44'),
('30','30','','1980-03-26 19:24:17','2018-03-21 02:33:40'),
('31','31','','1999-08-23 01:03:27','1981-06-30 11:31:39'),
('32','32','','1974-10-05 11:13:26','1970-09-27 07:20:06'),
('33','33','','1981-06-19 09:59:41','2007-04-19 14:33:58'),
('34','34','','2008-07-27 04:23:55','1998-07-18 10:40:36'),
('35','35','','2009-10-04 20:03:36','1994-10-07 07:12:56'),
('36','36','','1995-07-09 08:27:37','2005-07-07 11:50:12'),
('37','37','','1979-08-13 23:39:07','1997-03-22 15:27:58'),
('38','38','','1975-10-13 22:19:39','2006-04-20 15:03:25'),
('39','39','','1998-01-15 19:42:28','1995-02-01 22:20:32'),
('40','40','','1977-08-14 09:19:39','2003-02-01 06:17:58'),
('41','41','','1973-12-20 18:49:34','1981-12-11 09:31:58'),
('42','42','','1972-11-18 17:39:03','2000-04-03 05:17:32'),
('43','43','','1976-01-12 23:57:30','2005-12-03 13:30:52'),
('44','44','','1988-05-09 21:25:43','2007-07-02 18:13:34'),
('45','45','','2011-10-05 15:35:49','1989-04-14 21:17:08'),
('46','46','','2004-04-01 12:26:47','1994-01-12 11:22:37'),
('47','47','','2001-07-14 00:23:27','1985-01-21 14:28:27'),
('48','48','','2009-08-19 08:55:19','2005-01-19 23:46:13'),
('49','49','','2001-10-06 23:49:00','2014-06-29 00:19:54'),
('50','50','','1979-12-01 19:41:09','1987-03-20 16:44:05'),
('51','51','','1977-09-28 08:34:10','2014-07-26 01:13:56'),
('52','52','','2005-07-17 14:53:07','1979-01-15 05:33:43'),
('53','53','','2009-02-21 13:43:07','1990-11-14 13:37:11'),
('54','54','','1999-03-29 01:50:41','2003-05-19 00:17:50'),
('55','55','','1980-06-10 19:33:16','1994-01-18 12:26:54'),
('56','56','','2004-01-03 14:06:53','1991-11-19 23:49:15'),
('57','57','','1984-06-15 00:29:59','2007-07-06 04:21:46'),
('58','58','','2005-06-15 18:53:58','2004-07-02 05:26:35'),
('59','59','','2008-08-22 04:39:57','1971-12-19 08:40:49'),
('60','60','','2009-01-08 01:38:49','1984-04-02 17:31:29'),
('61','61','','1989-03-02 05:18:17','1973-11-05 11:30:28'),
('62','62','','2011-12-05 23:40:51','1999-03-10 20:02:06'),
('63','63','','2001-03-31 10:40:29','1982-07-10 18:06:16'),
('64','64','','1973-10-16 03:31:15','2010-12-07 20:07:46'),
('65','65','','2010-12-12 04:11:17','1985-11-27 09:48:13'),
('66','66','','2012-06-22 09:26:53','1998-07-02 18:03:26'),
('67','67','','1995-02-19 12:51:53','1999-08-05 20:37:38'),
('68','68','','1986-08-14 10:06:18','1975-06-09 14:31:28'),
('69','69','','1974-06-03 19:04:46','2001-06-10 06:22:25'),
('70','70','','1976-08-24 05:11:56','1995-10-31 11:59:17'),
('71','71','','1977-06-25 01:53:52','1991-12-20 02:49:07'),
('72','72','','1971-07-29 15:25:45','2002-08-22 03:06:27'),
('73','73','','2004-03-12 00:16:28','2016-07-18 08:47:29'),
('74','74','','2010-01-16 13:13:20','2015-05-31 18:32:21'),
('75','75','','2010-03-26 11:50:15','1989-12-15 17:40:39'),
('76','76','','2002-08-24 20:05:47','2018-06-25 21:37:03'),
('77','77','','2001-08-07 16:03:15','1989-07-11 21:24:49'),
('78','78','','1977-09-25 19:07:59','2017-12-21 03:13:47'),
('79','79','','2000-04-28 09:30:48','2018-11-03 04:19:30'),
('80','80','','1999-08-20 21:33:41','1995-08-04 20:08:50'),
('81','81','','1985-09-10 21:59:32','1987-02-28 18:53:02'),
('82','82','','1972-04-01 02:48:22','1970-06-15 05:42:50'),
('83','83','','1996-02-03 21:03:56','1988-06-20 02:56:04'),
('84','84','','2017-04-22 22:15:21','1996-09-28 13:54:53'),
('85','85','','1989-12-02 02:41:18','1994-12-14 09:21:27'),
('86','86','','1977-10-20 10:01:46','2004-10-05 16:25:03'),
('87','87','','1976-07-22 09:47:49','1976-07-29 15:53:59'),
('88','88','','2007-12-26 22:51:28','2017-08-11 15:31:37'),
('89','89','','2010-01-11 07:15:08','1987-02-04 00:59:10'),
('90','90','','1986-04-20 21:43:44','1985-11-10 21:18:15'),
('91','91','','2016-04-14 01:23:25','1973-03-03 10:50:16'),
('92','92','','2007-10-05 21:30:24','2002-07-30 02:15:00'),
('93','93','','2008-05-31 08:48:47','1999-12-05 17:41:45'),
('94','94','','2016-10-28 13:40:43','1979-06-23 21:51:09'),
('95','95','','1998-01-07 12:18:09','2006-04-17 11:09:34'),
('96','96','','1970-09-02 19:31:38','2007-09-05 11:42:15'),
('97','97','','1973-08-08 13:51:33','2012-03-20 11:45:48'),
('98','98','','1987-04-21 00:57:20','2008-07-25 14:26:59'),
('99','99','','2015-06-01 18:24:04','1988-01-30 12:54:03'),
('100','100','','2011-09-07 09:47:25','1998-02-03 15:31:11'); 


DROP TABLE IF EXISTS `likes`;
CREATE TABLE `likes` (
  `id` bigint(20) unsigned NOT NULL AUTO_INCREMENT,
  `user_id` bigint(20) unsigned NOT NULL,
  `media_id` bigint(20) unsigned NOT NULL,
  `created_at` datetime DEFAULT current_timestamp(),
  PRIMARY KEY (`id`)
) ENGINE=InnoDB AUTO_INCREMENT=101 DEFAULT CHARSET=utf8 COLLATE=utf8_unicode_ci;

INSERT INTO `likes` VALUES ('1','1','1','1977-05-19 12:48:53'),
('2','2','2','1992-04-20 03:32:57'),
('3','3','3','1986-10-20 14:49:55'),
('4','4','4','1981-07-03 03:17:42'),
('5','5','5','2011-11-25 11:59:59'),
('6','6','6','1997-04-10 04:09:47'),
('7','7','7','2011-09-03 09:15:12'),
('8','8','8','1989-02-20 10:58:14'),
('9','9','9','2000-09-11 08:55:01'),
('10','10','10','1984-05-22 02:01:17'),
('11','11','11','2013-11-29 22:45:08'),
('12','12','12','1974-10-16 07:13:04'),
('13','13','13','1975-05-13 19:36:35'),
('14','14','14','2002-10-05 23:22:04'),
('15','15','15','2010-07-12 23:18:44'),
('16','16','16','2006-03-24 21:32:02'),
('17','17','17','1973-04-03 15:31:10'),
('18','18','18','1974-05-29 01:23:22'),
('19','19','19','1995-11-20 14:54:26'),
('20','20','20','2001-02-04 15:55:46'),
('21','21','21','1973-12-05 05:25:11'),
('22','22','22','1985-04-03 15:53:26'),
('23','23','23','2003-07-30 10:41:19'),
('24','24','24','1972-08-06 03:16:31'),
('25','25','25','1995-05-18 17:22:59'),
('26','26','26','2008-12-09 13:27:54'),
('27','27','27','1974-03-18 05:02:18'),
('28','28','28','1986-04-06 19:34:24'),
('29','29','29','1994-03-14 09:56:22'),
('30','30','30','1985-09-07 02:34:18'),
('31','31','31','2009-11-17 04:17:48'),
('32','32','32','1985-12-11 21:42:02'),
('33','33','33','1982-03-07 10:11:56'),
('34','34','34','1983-04-28 08:24:38'),
('35','35','35','1977-02-15 13:39:30'),
('36','36','36','1973-11-15 20:07:21'),
('37','37','37','1983-04-06 23:12:22'),
('38','38','38','1985-02-15 15:27:26'),
('39','39','39','1995-03-20 10:13:58'),
('40','40','40','1995-05-23 13:24:09'),
('41','41','41','1991-01-11 10:28:19'),
('42','42','42','2012-01-21 14:57:21'),
('43','43','43','2004-06-22 22:17:47'),
('44','44','44','2018-10-17 22:56:58'),
('45','45','45','1991-02-10 01:06:29'),
('46','46','46','2004-05-14 16:08:11'),
('47','47','47','1985-12-13 21:31:08'),
('48','48','48','1988-12-21 13:52:55'),
('49','49','49','2014-02-19 15:43:13'),
('50','50','50','1993-01-21 18:53:51'),
('51','51','51','1982-06-24 23:24:19'),
('52','52','52','2016-04-11 01:12:53'),
('53','53','53','1995-12-08 11:23:15'),
('54','54','54','1993-09-26 07:01:04'),
('55','55','55','1986-08-02 16:03:34'),
('56','56','56','1977-03-03 18:10:09'),
('57','57','57','2008-12-04 10:23:42'),
('58','58','58','2006-04-08 11:28:15'),
('59','59','59','1979-01-31 15:25:39'),
('60','60','60','1981-07-27 05:26:26'),
('61','61','61','2002-10-26 14:13:45'),
('62','62','62','2014-07-30 05:58:14'),
('63','63','63','1997-02-03 07:21:04'),
('64','64','64','1979-12-09 02:07:23'),
('65','65','65','1978-07-04 11:21:14'),
('66','66','66','2008-11-14 06:31:05'),
('67','67','67','2017-03-28 20:31:45'),
('68','68','68','1979-05-23 14:07:29'),
('69','69','69','1984-07-29 16:55:31'),
('70','70','70','1997-04-12 04:22:04'),
('71','71','71','1974-02-04 10:04:32'),
('72','72','72','2014-10-17 12:47:06'),
('73','73','73','2000-06-27 02:11:08'),
('74','74','74','1996-06-18 03:57:37'),
('75','75','75','1991-07-31 23:46:48'),
('76','76','76','1977-07-10 03:33:36'),
('77','77','77','2002-09-18 14:58:05'),
('78','78','78','1974-11-29 11:43:18'),
('79','79','79','1972-04-20 07:54:01'),
('80','80','80','1990-02-02 05:49:59'),
('81','81','81','2000-06-16 04:42:44'),
('82','82','82','1988-10-17 03:41:08'),
('83','83','83','2012-01-21 10:57:34'),
('84','84','84','2005-07-29 02:40:58'),
('85','85','85','2000-05-01 16:00:01'),
('86','86','86','2005-08-02 02:08:51'),
('87','87','87','2012-01-04 21:48:12'),
('88','88','88','1998-12-01 01:06:20'),
('89','89','89','2012-12-07 20:16:51'),
('90','90','90','1978-07-29 05:15:05'),
('91','91','91','1979-04-11 06:20:12'),
('92','92','92','1984-05-02 05:05:02'),
('93','93','93','1971-06-16 15:46:18'),
('94','94','94','2000-06-10 04:54:10'),
('95','95','95','1972-02-16 05:47:54'),
('96','96','96','1991-05-19 15:53:13'),
('97','97','97','1991-09-21 16:04:54'),
('98','98','98','2018-05-08 21:55:25'),
('99','99','99','2003-04-13 23:11:49'),
('100','100','100','2008-07-16 22:55:41'); 


DROP TABLE IF EXISTS `media`;
CREATE TABLE `media` (
  `id` bigint(20) unsigned NOT NULL AUTO_INCREMENT,
  `media_type_id` bigint(20) unsigned NOT NULL,
  `user_id` bigint(20) unsigned NOT NULL,
  `body` text COLLATE utf8_unicode_ci DEFAULT NULL,
  `filename` varchar(255) COLLATE utf8_unicode_ci DEFAULT NULL,
  `size` int(11) DEFAULT NULL,
  `metadata` longtext CHARACTER SET utf8mb4 COLLATE utf8mb4_bin DEFAULT NULL,
  `created_at` datetime DEFAULT current_timestamp(),
  `updated_at` datetime DEFAULT current_timestamp() ON UPDATE current_timestamp(),
  PRIMARY KEY (`id`),
  KEY `user_id` (`user_id`),
  KEY `media_type_id` (`media_type_id`),
  CONSTRAINT `media_ibfk_1` FOREIGN KEY (`user_id`) REFERENCES `users` (`id`),
  CONSTRAINT `media_ibfk_2` FOREIGN KEY (`media_type_id`) REFERENCES `media_types` (`id`)
) ENGINE=InnoDB AUTO_INCREMENT=101 DEFAULT CHARSET=utf8 COLLATE=utf8_unicode_ci;

INSERT INTO `media` VALUES ('1','1','1','Quidem magni voluptas corrupti similique. Quam at maxime laborum ipsum molestias maiores. Facilis sed ipsum ut laudantium ut. Quod atque deleniti reiciendis.','quis','2625',NULL,'1986-06-09 05:40:48','1991-04-05 04:05:26'),
('2','2','2','Ut numquam quia in aperiam voluptas. Ea dolores atque tempore consequatur. Voluptatibus nemo ex similique vitae sunt. Sit sequi molestiae laudantium et est aut. Saepe repellendus aut aliquam at officiis quod.','sunt','32131848',NULL,'2009-03-12 15:13:27','1989-04-15 12:50:08'),
('3','3','3','Quos porro porro quia assumenda hic. Quo deserunt debitis dolorem rerum dignissimos reprehenderit. Et voluptatum reiciendis excepturi eum quod. Nemo dolor pariatur maxime eligendi sint.','architecto','58',NULL,'1972-07-30 06:27:20','2005-09-21 16:23:36'),
('4','4','4','Assumenda sed ut distinctio explicabo voluptas. Et fugiat voluptatibus molestiae at expedita minus. Qui veritatis modi placeat ipsum. Assumenda aliquid molestias quia neque quos sit laudantium.','asperiores','5',NULL,'2015-05-08 19:41:02','1985-03-22 10:01:07'),
('5','5','5','Est commodi assumenda delectus et expedita. Maiores sit ea impedit. Nostrum ut et consequatur et. Non velit cum nulla voluptas quis. Eligendi dolorem aut non tempore.','tempora','9',NULL,'1982-10-11 19:33:04','1974-11-14 21:17:02'),
('6','6','6','Odit ut exercitationem ullam enim sed. Et repellat possimus dolorem laboriosam reprehenderit ratione sed. Dolore voluptas et error ut unde.','sed','899197',NULL,'2018-04-06 09:53:26','1987-04-28 07:42:01'),
('7','7','7','Repellat velit quia modi error deleniti dolor molestiae. Aliquam et nam ab molestiae nesciunt voluptatem et aut. Enim non occaecati velit aut sunt mollitia.','et','9640695',NULL,'1971-05-24 20:35:19','1997-06-23 05:19:52'),
('8','8','8','Voluptatem eum repudiandae adipisci iste. Corrupti dolorem ut ipsam eos. Ullam praesentium omnis ut vero mollitia aliquid. Omnis cumque molestias beatae error doloribus doloribus.','qui','7',NULL,'1991-03-27 21:22:08','2000-03-30 07:58:33'),
('9','9','9','Accusantium ipsa dolore officiis qui alias et incidunt. Distinctio debitis voluptatem ipsa esse possimus qui. Et et vitae eum illo ipsa. Omnis quaerat cumque quis dolore aut porro provident.','ex','14605366',NULL,'1998-01-19 01:17:23','1978-09-02 05:31:42'),
('10','10','10','Recusandae fugiat nam deleniti ipsum eos aut. Commodi minima exercitationem totam dolorum inventore aperiam et doloribus. Ut illum maiores ut velit.','autem','0',NULL,'2005-03-22 20:38:25','1975-02-04 18:48:26'),
('11','11','11','Non quis laboriosam maxime ut reiciendis voluptate. Aspernatur quos deserunt ullam ut rem earum. Temporibus ut sed omnis voluptates quis. Perferendis ex occaecati dolores ipsa voluptatem cupiditate.','ut','4077780',NULL,'2004-11-08 04:08:53','1994-09-19 22:38:24'),
('12','12','12','Nisi adipisci et reiciendis temporibus. Cupiditate qui autem suscipit quasi est nostrum et deserunt. Eum laudantium voluptatem itaque nostrum. Dolore sint eum iste et. Maxime modi mollitia voluptatum voluptatibus autem.','voluptatem','74455615',NULL,'1982-06-13 00:04:16','1981-07-09 14:02:37'),
('13','13','13','Aut repellat ipsum aspernatur minus qui repellat. Ipsam deserunt ut molestias debitis non. Sint sunt minus quo occaecati voluptatem quisquam nihil.','porro','7',NULL,'2009-03-19 07:33:21','2012-07-15 01:09:10'),
('14','14','14','Maiores hic esse nobis. Qui incidunt quis iste quisquam nihil aut distinctio.','id','58392869',NULL,'1995-07-11 00:08:26','1996-09-23 14:38:24'),
('15','15','15','Laudantium dicta est quia delectus quia dicta. Qui vel iste sequi minima doloremque fuga. Enim ut ipsum dicta rerum tempore sint quia. Eos voluptas eum fugit rerum quam praesentium sunt.','sit','0',NULL,'1971-02-17 22:03:14','1999-07-08 10:45:14'),
('16','16','16','Et vel ut consequuntur quia. Veritatis est voluptas perferendis et excepturi cum consectetur. Quibusdam nihil non cum maiores voluptate officia non. Quaerat voluptate dolorem dolores blanditiis.','fuga','1866910',NULL,'1973-02-01 02:43:07','2004-06-17 18:18:30'),
('17','17','17','Accusamus aut dolores qui quo et et. Aut numquam officiis est asperiores. Et dolores eaque est et ipsam minus. Rerum doloribus fugiat delectus veniam deserunt.','eaque','0',NULL,'1979-04-12 02:32:11','2015-04-11 10:00:51'),
('18','18','18','Qui provident architecto facilis qui eos quo. Quia ut totam saepe tenetur. Maiores qui ipsum voluptatem sint ut aut.','pariatur','237',NULL,'2011-04-13 08:19:10','1994-02-03 22:55:01'),
('19','19','19','Esse beatae qui sequi dolor sit qui ut. At omnis consequatur sint ea tenetur. Minus omnis amet adipisci aperiam. Voluptates veritatis iure id enim dignissimos atque ea.','quia','239365057',NULL,'1973-04-04 14:30:10','1994-06-08 06:31:26'),
('20','20','20','Et architecto dolorem exercitationem et eos laborum odit. Fugiat et sit rerum veritatis. Aut quia est sit ipsam voluptatem. Voluptas aut repellat earum.','eveniet','57206491',NULL,'1983-12-19 01:22:50','1985-08-23 04:32:14'),
('21','21','21','Doloremque eius quia ut similique assumenda. Dolor numquam quibusdam odit voluptate alias magni. Doloribus quia velit ut consectetur omnis sint dolores. Est error et corporis provident reprehenderit non ab sint.','dolores','9404',NULL,'1977-04-13 07:11:35','2012-07-19 14:29:09'),
('22','22','22','Ratione maxime harum nostrum pariatur est. Est saepe facilis eum minus sequi sed quos. Hic nihil distinctio suscipit minus porro.','enim','160',NULL,'2018-05-19 07:59:55','2019-08-18 08:06:17'),
('23','23','23','In nesciunt illum corrupti soluta vitae et voluptatem voluptatum. Suscipit repudiandae consectetur necessitatibus odio veritatis explicabo aut ut. Assumenda officiis distinctio non autem numquam sunt quaerat. Ad velit ut et officia vel aut expedita eius.','impedit','227381',NULL,'2006-09-29 12:53:12','2011-07-24 03:33:14'),
('24','24','24','Quia alias qui ex ipsa ex est. Soluta maxime illum et quisquam aut cumque. Amet possimus placeat quidem.','ut','0',NULL,'1987-11-07 17:34:56','2004-04-11 09:05:04'),
('25','25','25','Et sunt qui excepturi repudiandae. Consequuntur officiis voluptatibus harum doloribus distinctio non dignissimos. Odio ipsum nihil quibusdam debitis facere.','quidem','0',NULL,'2004-12-30 07:31:01','1972-07-11 23:02:24'),
('26','26','26','Voluptatum ut suscipit id. Possimus omnis quod nam fugiat non eos. Velit aspernatur officia delectus ea voluptatem. Et sed sed voluptatum consequatur.','ut','5366416',NULL,'1981-06-22 21:22:18','1992-09-05 03:28:33'),
('27','27','27','Eos non suscipit tempore et numquam est rerum. Voluptatem minima dolores molestiae et aperiam cum nemo. Aut qui fugiat cupiditate tenetur quia velit ea. Dolores neque tempora ut et. Et commodi perferendis et quae fugiat et.','id','20289',NULL,'1980-07-18 02:23:53','1992-09-28 18:49:18'),
('28','28','28','Et voluptatem ut est quis. Praesentium voluptas deserunt iure deserunt aut vel. Facere vel consequatur maxime nisi sit commodi.','consequuntur','18',NULL,'1986-05-11 01:17:39','1980-01-30 18:56:52'),
('29','29','29','Corporis amet non aliquam voluptas. Qui consectetur voluptatem expedita. Deserunt et et magnam fugit et.','et','0',NULL,'1985-12-26 16:17:45','1988-09-13 21:23:15'),
('30','30','30','Qui est nesciunt quia ipsam illum. Est vero quis neque sit voluptatem alias provident.','mollitia','7895',NULL,'1976-10-27 00:01:48','1976-08-20 14:58:57'),
('31','31','31','Incidunt perferendis qui velit atque et. Quidem iste ut mollitia optio sit tenetur ipsam tempora. Quos facere maxime necessitatibus. Debitis beatae animi nisi est itaque non ex.','dignissimos','1353',NULL,'2018-09-14 01:16:16','2000-06-02 02:50:11'),
('32','32','32','Eveniet consectetur sit ab dolores eos. Similique velit est ullam praesentium necessitatibus fugiat. Aut quae omnis deleniti officia sint omnis repellendus in. Sed quia repudiandae aut minus. Ipsam consequatur pariatur cupiditate cum porro commodi.','repudiandae','511',NULL,'2013-04-20 00:35:24','1973-02-18 04:27:44'),
('33','33','33','Rem velit natus voluptates dolor. Voluptatem quae voluptatem beatae in officia ut quia soluta. Aut odio sunt tempora.','aut','328104536',NULL,'2000-01-23 00:24:59','2011-10-04 21:14:35'),
('34','34','34','Beatae unde temporibus non. Accusantium sed ut officia quibusdam.','cum','533586',NULL,'1981-10-30 23:29:10','1993-02-26 06:40:28'),
('35','35','35','Corporis natus consequuntur incidunt sed nisi iusto. Ducimus amet omnis sint molestias. Sit voluptatem dolorum beatae voluptates accusantium. Et qui rerum sit id natus aut optio.','in','0',NULL,'2005-10-26 12:16:43','2010-06-06 19:34:24'),
('36','36','36','Necessitatibus unde iste rerum dolorum totam natus. Impedit vero sit amet et. In ut qui eos corporis sit tempore magni alias.','distinctio','801163',NULL,'2003-08-14 19:43:13','1973-11-11 12:46:16'),
('37','37','37','Maiores sint doloribus odit magnam nostrum eaque enim. Voluptates ut et autem sunt cumque quibusdam debitis. Enim suscipit similique impedit ab autem. Deserunt explicabo itaque et cupiditate.','veritatis','959879746',NULL,'1991-12-23 13:24:00','2016-09-24 23:24:03'),
('38','38','38','Quas dolorem voluptatem omnis rerum at ut. Eum asperiores nostrum sit est fuga fugit. Molestiae voluptatibus consectetur veritatis voluptas delectus et enim.','eos','6188',NULL,'2007-09-28 10:34:27','2008-02-04 20:23:49'),
('39','39','39','Et sapiente occaecati ex cumque ullam est cumque. Non ipsum voluptatibus aperiam. Neque est eaque nobis nesciunt soluta rerum. Aspernatur aliquam commodi esse voluptatem numquam.','possimus','2969',NULL,'1984-09-13 10:12:02','2013-11-24 05:31:44'),
('40','40','40','Est cumque autem incidunt enim temporibus velit aut. Sit nulla aliquid non porro optio. Praesentium commodi ex maxime et at.','dolores','1397',NULL,'1980-09-01 03:58:40','1990-10-22 06:09:26'),
('41','41','41','Impedit architecto aut atque magni rerum iusto. Quasi quis qui nihil exercitationem quam aut qui tenetur. Soluta et culpa dicta. Dolorem nostrum corrupti esse libero aut nam est et.','eos','0',NULL,'1976-03-12 16:51:15','1983-06-15 11:48:09'),
('42','42','42','Reiciendis est saepe aspernatur aut. Ea enim et aliquid quis expedita ipsa. Et doloremque necessitatibus minus odit. Dolorem qui repudiandae est pariatur.','ad','61857',NULL,'1975-03-03 22:51:01','2002-10-07 07:30:28'),
('43','43','43','Dolores dolorum id fugiat corrupti asperiores dolore cupiditate vel. Iure ducimus doloribus in quia molestiae. Voluptatum fugit quis hic facilis rerum sit. Minus animi quam eum et unde id est quas.','veritatis','8',NULL,'1982-08-26 07:03:36','1970-01-25 00:30:37'),
('44','44','44','Quibusdam aperiam quam aut excepturi ad. Excepturi repellendus voluptas suscipit. Accusamus consectetur dolor aut. Officiis illum velit dicta necessitatibus.','distinctio','717368',NULL,'1998-03-18 20:06:27','1988-10-13 09:15:21'),
('45','45','45','Iste veniam sint minus consequatur eum ducimus. Autem non quam itaque sapiente ex ratione. Praesentium illo et quos consectetur.','et','8',NULL,'1987-02-10 18:29:34','2003-09-03 09:59:03'),
('46','46','46','Excepturi ut beatae impedit odit. Id aut maxime beatae aut.','et','633597379',NULL,'2000-07-15 13:52:09','2019-11-07 19:20:37'),
('47','47','47','Sed sit ipsa omnis autem. Consequatur et accusamus et dignissimos. Cupiditate molestiae aliquam sunt aut amet odio nostrum.','qui','265',NULL,'1976-09-20 00:08:57','1980-12-12 10:30:51'),
('48','48','48','Et itaque aperiam laborum molestiae sequi voluptatum possimus. Aut nesciunt delectus nostrum ab cupiditate. Cum aut nihil delectus dolores voluptates sunt accusamus. Qui enim vel amet earum ut est neque.','vero','747297',NULL,'1978-05-29 18:34:11','1995-04-26 23:34:17'),
('49','49','49','Corporis tempora ex nam inventore ut et. Ab ex amet quia animi qui vel cumque. Voluptate ut voluptatem ut. Aut aspernatur numquam accusamus autem placeat aspernatur.','at','777325',NULL,'2002-01-27 10:20:11','1994-05-25 23:04:51'),
('50','50','50','Quia maxime architecto quia ea error. Enim rerum voluptatibus eligendi quod unde. Reprehenderit consequatur hic et asperiores. Tenetur quia suscipit nemo qui quia.','unde','50927',NULL,'1976-02-10 13:51:35','1981-04-21 16:53:57'),
('51','51','51','Itaque dolores repudiandae quo quibusdam. Architecto vero iste ut molestiae.','natus','0',NULL,'1977-05-28 15:53:20','1977-10-19 17:55:04'),
('52','52','52','Fugit laborum debitis deserunt incidunt et. Et assumenda earum magnam unde occaecati. Esse quos repellat et consequatur et quasi eos minima. Quia in nisi est harum.','aut','90577775',NULL,'1980-12-31 09:27:18','1979-07-08 11:59:16'),
('53','53','53','At corrupti odio est eos facere unde eum. Accusantium ipsam ratione odio modi ex accusamus. Et consequatur eos ea mollitia dolores ratione. Autem voluptatem fugiat necessitatibus consectetur nihil inventore qui.','illum','366',NULL,'2017-06-15 19:22:15','1972-08-21 21:02:04'),
('54','54','54','Sed ipsam ipsum ad repellendus odio quaerat. Culpa inventore voluptas voluptatum aut minima. Consequatur omnis nemo eligendi. Quos dolorem id voluptatem minus sunt similique delectus.','qui','457790',NULL,'2015-07-23 17:01:06','1990-08-24 11:19:21'),
('55','55','55','Non asperiores commodi adipisci iusto dolorem eum ea. Velit nam incidunt eos a. In dolorum minus quo et quo dolore.','totam','368704',NULL,'2013-03-29 17:59:26','2015-04-21 19:29:04'),
('56','56','56','Error non impedit minus quidem cum. Sequi qui nulla magni corrupti excepturi aliquam. Optio sint cum voluptatum debitis soluta ea sed. Ut laborum aut nisi facere assumenda eos.','illo','585614',NULL,'2009-01-07 14:17:42','2011-02-28 16:39:06'),
('57','57','57','Similique consequatur beatae non quo ut. Et nihil quo atque et libero nulla. Aut ut ea quasi consequuntur numquam voluptas.','cum','5994',NULL,'1981-09-18 10:34:27','1972-01-23 15:50:08'),
('58','58','58','Maxime veniam voluptas et vero. Nam perferendis quasi consequatur recusandae. Et libero ea quia voluptates consequuntur ab. Cum a dolores expedita rerum.','ut','3359',NULL,'2015-11-14 15:16:02','1970-08-26 08:51:05'),
('59','59','59','Cum velit ducimus adipisci. Et distinctio sequi vero fugit et. Tempore et voluptatum dolorem rerum amet recusandae eligendi. Autem sit aut quos iusto sit eaque est.','rerum','721056162',NULL,'1971-10-26 10:28:08','1973-04-03 16:02:03'),
('60','60','60','Magni similique quae aliquid modi necessitatibus quod nihil molestiae. Nam facilis et ea ut. Error nihil repudiandae repellendus reprehenderit eveniet sapiente voluptatibus.','quasi','576',NULL,'2009-07-09 02:33:14','1993-07-10 22:17:05'),
('61','61','61','Expedita amet aspernatur nihil aut aut. Voluptatem voluptas accusantium quibusdam perspiciatis quidem quam.','perspiciatis','63035',NULL,'1991-02-18 04:39:55','2017-01-14 16:11:26'),
('62','62','62','Distinctio eligendi enim voluptatum animi architecto facilis. Fugiat blanditiis ullam pariatur ad voluptates et rerum. Aliquid quia sed dolorem eum et. Beatae occaecati quam earum ut dicta eius eum corrupti.','ut','7',NULL,'2008-08-28 00:07:01','1992-02-16 16:20:05'),
('63','63','63','Aperiam delectus delectus et fugit et voluptatem. Ut necessitatibus omnis aliquid ipsa saepe accusantium quia. Commodi eum porro quia vel pariatur sint blanditiis. Sint dolores amet rem eos nobis voluptas.','nulla','3010258',NULL,'1971-12-05 06:41:40','2016-02-17 11:16:15'),
('64','64','64','Sed voluptatem qui cupiditate. Ullam eius facere ipsa quo sunt reprehenderit id. Facilis sint corrupti accusamus. Sed eum dolorem consequatur dolorem ad.','saepe','338',NULL,'1996-11-08 08:40:11','1994-05-05 07:46:16'),
('65','65','65','Quis atque sunt consequatur. Explicabo praesentium cum et fuga. Est consectetur rem error fugiat similique molestiae dolores ut.','assumenda','29421866',NULL,'1993-12-28 02:53:23','2006-01-22 13:49:29'),
('66','66','66','Repellat rerum cupiditate id laborum praesentium nulla velit. Enim quidem ipsum ut soluta. Atque quae quasi quae sed.','aperiam','81',NULL,'2017-02-24 00:34:12','1983-02-08 10:18:16'),
('67','67','67','Voluptate magnam est aut accusamus maiores aut dolores. Fugit odit molestiae aperiam. Iste et neque quia maiores natus voluptatem optio dolor.','ex','5',NULL,'1974-04-09 02:23:50','1988-05-18 02:32:00'),
('68','68','68','Laboriosam ab nihil consequatur repellendus culpa deserunt. Iusto expedita velit dolorum qui tenetur eveniet quaerat. Dolore reprehenderit aut animi eligendi dolorem eum quos.','cupiditate','0',NULL,'2002-06-01 21:15:34','1990-03-23 07:44:32'),
('69','69','69','Explicabo ut alias non vero. Vel modi ab perspiciatis optio voluptate aut voluptatum. Quia vel eos illum quas. Fuga quam ut voluptatibus dicta quibusdam qui. Alias id vitae ut quam.','labore','25960693',NULL,'1974-11-27 22:54:22','1988-03-12 22:00:29'),
('70','70','70','Architecto voluptatem sint mollitia nemo. Soluta similique necessitatibus asperiores saepe quisquam dolores ea. Id alias cupiditate occaecati veniam sit cum numquam. Dolores optio in cum aut optio et.','enim','93818',NULL,'2006-01-27 16:00:21','1985-01-27 22:48:03'),
('71','71','71','Quibusdam ea quos voluptatem quia maxime ab earum. Nemo temporibus suscipit enim id officia nisi ipsam. Voluptas quia distinctio accusamus id laborum vitae magnam.','eum','702884',NULL,'2001-03-26 10:23:11','1991-07-13 10:32:13'),
('72','72','72','Quidem mollitia ducimus molestias velit eveniet qui voluptatem. Vel magni vitae aperiam consequatur dignissimos porro. Qui ipsa tempore commodi ipsum totam voluptatem ipsa. Voluptatem tempora illum velit.','aperiam','29',NULL,'2000-07-16 18:58:14','1991-02-03 17:59:22'),
('73','73','73','Officiis neque quisquam voluptatem cupiditate repellendus et amet quis. Fugiat exercitationem ad praesentium porro. Soluta dolor sit ipsam alias. Perferendis quae quia ex voluptate.','sit','70',NULL,'2003-12-26 22:04:52','2000-07-24 22:18:34'),
('74','74','74','Qui recusandae est non quo. Sint ut nemo cumque iste impedit aspernatur atque sint. In reprehenderit quod nihil voluptas inventore dolorem quo. Qui ut accusamus velit libero maiores.','eum','15257832',NULL,'1981-08-22 03:56:02','2001-07-02 00:37:27'),
('75','75','75','Rem est quasi autem nesciunt. Qui voluptatem at cum sit fugit ut. Quod provident maiores sint.','nobis','1724837',NULL,'1971-11-30 18:01:37','1985-04-04 03:59:45'),
('76','76','76','Sapiente voluptatem voluptas ex et. Atque molestiae reiciendis modi. Delectus sed aperiam nisi non aliquam.','consequatur','555737545',NULL,'1980-01-31 05:01:19','1975-01-30 07:56:23'),
('77','77','77','Illum accusantium voluptatem rem maxime dolor dolores. Maxime voluptates accusantium assumenda minima amet odio harum. Voluptatem excepturi itaque dolorem qui. Exercitationem velit vel ipsam quia voluptatibus quia cumque.','harum','55623838',NULL,'1970-02-25 14:57:14','2015-06-16 09:26:56'),
('78','78','78','Labore neque nemo qui quos vel eius eaque cumque. Dolor nostrum perspiciatis id rerum quo laborum aliquam. Eaque aut cupiditate perferendis voluptatibus alias vero.','eum','723',NULL,'2014-06-21 03:56:19','2018-08-31 03:49:16'),
('79','79','79','Explicabo animi et ut. Ut molestiae autem vel vitae delectus laudantium saepe quas.','dolor','38776',NULL,'1985-05-17 02:59:54','1972-05-03 14:12:36'),
('80','80','80','Sint illum rem ratione. Ea enim deserunt ut eligendi facilis consequatur omnis. Quia cumque modi ea voluptatem deserunt.','vero','62129',NULL,'2019-04-26 17:09:33','1990-11-14 17:42:47'),
('81','81','81','Ea omnis et deleniti labore. Officia consequatur illo non soluta distinctio aut nesciunt. Natus dolorem impedit consequatur nulla at repellat. Molestias eos voluptas nesciunt modi perspiciatis dolor.','autem','1973',NULL,'1999-12-27 08:22:28','1985-05-22 15:59:32'),
('82','82','82','Vitae quas quibusdam sed voluptatibus consequuntur minima. Qui repellendus animi accusamus atque. Dolorum autem officiis cumque voluptatem quis illo qui. Ea nihil ex et debitis aut deserunt a.','quasi','635',NULL,'1994-12-08 19:07:15','1971-03-03 04:24:52'),
('83','83','83','Qui labore quae ut placeat ut. Est magnam aliquid quia dolore sint id. Natus nulla sint cumque esse aspernatur.','eum','485',NULL,'1985-01-20 16:24:05','1982-02-15 01:29:16'),
('84','84','84','Suscipit officia id ut cumque doloribus. Qui et suscipit accusantium dolor ratione. Ab reprehenderit rerum earum in labore.','explicabo','8981',NULL,'1995-07-03 03:47:10','2013-05-17 02:58:12'),
('85','85','85','Quasi beatae et beatae ea sit odit. Fugit mollitia quia itaque quasi aut. Architecto est iste magnam voluptatem ab asperiores. In at repudiandae qui voluptatibus voluptas et.','vero','4688559',NULL,'2009-02-08 08:49:31','1984-05-04 10:44:40'),
('86','86','86','Molestias sunt vel sint aut id optio ea. At cum rem repellendus. Fugit quia asperiores repellendus natus reprehenderit praesentium. Neque magnam perferendis cupiditate nulla explicabo ex.','nostrum','5966363',NULL,'1977-11-27 17:05:17','1972-06-28 05:46:26'),
('87','87','87','Voluptas odio at quae debitis. Unde cum exercitationem amet sapiente ut aliquam soluta eum. Sit ut autem necessitatibus totam. Mollitia qui repellendus quis dolor et aspernatur. Repudiandae sed facere consequuntur laboriosam ea quia.','explicabo','546352',NULL,'1977-05-08 11:46:18','1975-09-17 08:10:16'),
('88','88','88','Repellendus modi dolores voluptates cupiditate sed nemo eos. Et cumque quia molestiae itaque et. Eius molestias repellendus ullam fugit quod et. Dolorem sed harum eius.','eos','933716600',NULL,'1981-11-27 11:12:25','2002-03-12 23:59:11'),
('89','89','89','Vel vitae rerum atque voluptas et placeat. Aut ut adipisci soluta. Officia molestias excepturi error occaecati tenetur in sed nesciunt.','id','0',NULL,'1984-12-01 19:04:28','1974-11-10 12:33:26'),
('90','90','90','Qui iusto aut delectus dolores. Minus possimus expedita ut explicabo alias tempora. Quo voluptates quasi vel earum enim repellendus dolores. Iste consectetur porro eos quam culpa officiis debitis.','libero','676948',NULL,'1987-09-14 17:35:51','2014-01-22 05:13:38'),
('91','91','91','Voluptates quia unde fugiat quasi aut et. Occaecati deserunt illo ullam quo explicabo et natus molestiae. Reiciendis maxime quae blanditiis aut amet.','quod','533593459',NULL,'2016-12-14 05:48:39','1982-01-23 05:15:20'),
('92','92','92','Nostrum qui doloremque nulla eligendi omnis minus rerum. Sapiente eveniet earum repellat eos et odio perspiciatis. Dolorum ut qui culpa nulla modi.','adipisci','89126',NULL,'2018-07-08 01:31:43','2003-09-04 04:15:07'),
('93','93','93','Tempore provident totam laborum delectus nulla labore perspiciatis. Fugiat quia beatae debitis cupiditate rerum. Optio aperiam id facilis quia. Fugiat culpa unde reprehenderit consequuntur est.','assumenda','4',NULL,'1996-12-13 16:02:00','2009-07-20 20:22:22'),
('94','94','94','Et voluptas rerum repudiandae et quisquam. Fugit labore est non consequatur excepturi eligendi. Mollitia ut in saepe soluta rerum distinctio. Architecto est tenetur alias nostrum id velit.','quo','0',NULL,'2004-11-17 23:01:16','2005-02-22 15:37:59'),
('95','95','95','Molestias dolores ab sit voluptas perspiciatis debitis dolorem. Sunt vero adipisci dolore inventore inventore quo consequatur. Deleniti voluptatem omnis optio.','et','69522',NULL,'1994-06-02 20:57:59','2002-05-30 19:48:24'),
('96','96','96','Cupiditate adipisci et qui eius ipsa harum quae. Asperiores qui dolor assumenda dolorum at rerum ab. Voluptates praesentium eum tempora autem minima necessitatibus.','beatae','451862',NULL,'1991-11-07 17:41:09','1989-01-27 22:19:13'),
('97','97','97','Omnis aperiam corporis pariatur culpa qui. Voluptatum veniam natus sed corporis iste ipsam ipsam sequi. Aut autem non delectus in aliquid vitae perspiciatis. Facilis voluptates quasi esse explicabo quos ducimus tenetur.','nesciunt','198529590',NULL,'2018-02-07 14:19:09','1976-09-20 08:14:33'),
('98','98','98','Accusamus aut deleniti et doloremque enim beatae suscipit. Expedita officia nihil voluptas. Consectetur itaque sint cum dicta repellendus soluta. Vel tempore assumenda ipsa quia expedita repellendus dignissimos sunt.','molestiae','0',NULL,'2006-10-11 06:13:41','1986-07-24 19:41:38'),
('99','99','99','Incidunt alias explicabo adipisci et explicabo voluptatem totam. Sit earum quia architecto quod. Dicta molestiae omnis velit architecto amet qui.','nostrum','689734',NULL,'1979-01-09 01:55:12','1981-08-04 03:51:29'),
('100','100','100','Excepturi voluptatem et qui officiis et adipisci corrupti nobis. Eligendi expedita aut voluptates voluptas excepturi aspernatur. Placeat voluptatem placeat nemo earum voluptatibus qui. Iusto tenetur repudiandae et aut ut est.','enim','3663108',NULL,'1998-10-12 20:35:30','1997-12-05 09:53:09'); 


DROP TABLE IF EXISTS `media_types`;
CREATE TABLE `media_types` (
  `id` bigint(20) unsigned NOT NULL AUTO_INCREMENT,
  `name` varchar(255) COLLATE utf8_unicode_ci DEFAULT NULL,
  `created_at` datetime DEFAULT current_timestamp(),
  `updated_at` datetime DEFAULT current_timestamp() ON UPDATE current_timestamp(),
  PRIMARY KEY (`id`)
) ENGINE=InnoDB AUTO_INCREMENT=101 DEFAULT CHARSET=utf8 COLLATE=utf8_unicode_ci;

INSERT INTO `media_types` VALUES ('1','asperiores','1994-11-21 09:49:42','1977-11-23 23:16:04'),
('2','qui','1978-10-18 08:25:28','1975-03-04 23:39:40'),
('3','commodi','1997-07-05 16:08:15','1990-04-02 11:39:51'),
('4','ab','1977-08-29 17:18:54','2007-05-16 13:34:40'),
('5','quia','1987-02-19 16:46:17','1985-02-19 16:42:20'),
('6','corrupti','2015-10-03 03:03:29','1987-11-13 18:14:05'),
('7','rerum','1976-06-16 20:20:44','1989-10-10 09:34:10'),
('8','animi','1974-05-02 06:36:35','1991-09-06 00:24:38'),
('9','sapiente','2001-09-21 23:44:57','1994-10-06 06:32:07'),
('10','rerum','2001-10-23 17:14:02','2002-02-02 10:07:58'),
('11','sint','2018-08-30 20:08:00','1979-04-13 08:40:25'),
('12','quia','2010-03-24 16:09:51','1980-04-25 13:47:26'),
('13','ea','1997-07-15 18:31:51','1976-04-04 07:28:09'),
('14','sequi','1973-10-10 16:37:30','1994-05-20 20:15:28'),
('15','architecto','1980-04-17 12:36:10','1984-03-07 17:15:04'),
('16','aliquam','1978-08-26 03:45:56','1974-08-19 23:44:08'),
('17','eum','1971-10-15 19:29:47','1994-01-24 17:46:31'),
('18','quod','1997-03-29 12:37:35','2018-07-09 02:04:35'),
('19','odio','1989-10-11 01:24:06','1985-03-17 09:58:49'),
('20','cum','1992-06-19 02:45:11','2002-08-28 15:06:16'),
('21','iste','1998-06-06 19:29:28','2002-02-21 12:39:16'),
('22','a','1986-08-27 05:42:16','1973-12-08 14:48:02'),
('23','est','2009-01-14 05:32:46','1973-02-03 06:44:01'),
('24','optio','1987-08-10 23:32:30','1979-01-02 05:26:51'),
('25','fuga','1992-12-19 17:32:17','2002-02-25 09:26:07'),
('26','quasi','2011-12-14 21:54:18','1975-10-14 15:40:38'),
('27','non','1975-10-26 18:25:43','2013-02-09 13:20:01'),
('28','aut','1976-07-04 23:51:58','1994-01-24 15:27:02'),
('29','nobis','1977-02-07 16:58:44','1997-12-12 23:12:33'),
('30','optio','1981-06-14 11:29:45','2016-07-10 22:12:36'),
('31','aut','2008-02-21 21:40:53','1973-12-04 23:58:27'),
('32','ea','1975-12-24 17:30:09','2017-08-03 00:24:09'),
('33','culpa','1985-03-15 00:33:42','1982-09-17 09:17:53'),
('34','voluptate','2017-09-21 01:09:00','1976-02-24 07:23:37'),
('35','ut','1977-04-14 12:47:34','1986-09-11 23:19:06'),
('36','eaque','1998-04-11 02:18:33','1990-01-17 19:48:14'),
('37','voluptas','1976-11-27 08:37:18','1971-12-13 13:06:57'),
('38','quisquam','1987-11-18 08:55:06','2015-06-18 19:19:28'),
('39','voluptas','2004-11-28 14:41:42','1980-06-08 17:27:58'),
('40','soluta','1999-10-10 06:48:50','1982-12-05 18:58:46'),
('41','ipsum','1974-04-16 03:11:07','2011-01-18 12:17:54'),
('42','porro','1979-05-14 11:36:29','2003-06-11 11:19:27'),
('43','aut','1995-02-26 05:14:52','1977-01-11 03:37:11'),
('44','et','1975-03-20 18:44:49','2014-08-18 16:37:06'),
('45','soluta','1997-06-18 04:23:44','2012-03-29 16:01:10'),
('46','quod','1994-05-19 17:19:26','1970-04-24 12:06:52'),
('47','vel','1986-08-01 20:23:50','1992-01-24 11:50:13'),
('48','voluptas','1989-06-07 18:35:30','2006-05-11 14:01:07'),
('49','optio','1973-07-16 03:20:05','1979-07-16 20:19:50'),
('50','similique','2007-05-14 05:43:54','1993-08-07 02:23:18'),
('51','amet','1970-12-17 20:31:22','1990-05-01 15:47:14'),
('52','enim','1997-11-03 22:25:45','2010-10-22 13:20:23'),
('53','ut','2016-09-01 07:42:48','1978-09-30 15:09:48'),
('54','eius','1995-04-21 16:38:25','1972-06-13 13:19:05'),
('55','possimus','2006-07-04 16:30:45','2006-07-25 21:03:43'),
('56','voluptatem','2005-05-14 13:06:14','1997-11-22 00:31:30'),
('57','velit','1997-01-20 11:56:39','1997-02-21 04:53:22'),
('58','consequatur','1997-07-24 20:24:50','2011-02-06 19:11:26'),
('59','beatae','1981-03-17 04:14:15','1999-01-17 11:16:59'),
('60','quo','2015-05-12 17:20:44','1975-10-01 22:08:03'),
('61','maiores','2002-10-07 03:04:35','1975-09-08 05:46:12'),
('62','aut','1994-01-08 01:41:00','2019-09-30 18:04:28'),
('63','harum','2012-11-13 18:01:23','1977-01-26 07:27:18'),
('64','quasi','1978-02-01 11:28:30','2002-06-04 18:02:37'),
('65','harum','2003-02-19 07:40:52','1977-02-20 00:05:00'),
('66','maiores','1982-08-25 08:19:00','2012-09-20 18:27:09'),
('67','ratione','1971-09-01 05:02:30','1973-12-07 14:22:11'),
('68','corrupti','1988-11-30 12:32:22','2002-06-07 23:56:15'),
('69','explicabo','1985-06-24 15:25:59','2018-06-03 07:42:27'),
('70','aut','1985-09-06 07:14:21','2019-05-21 11:48:03'),
('71','tenetur','1975-12-05 22:49:11','1983-10-30 05:02:26'),
('72','nihil','2004-11-10 05:21:23','1980-04-20 14:00:12'),
('73','aut','1986-11-11 05:49:30','2015-10-14 01:03:59'),
('74','sint','2007-12-05 06:24:00','1990-08-06 19:02:51'),
('75','consectetur','2009-08-12 15:05:27','2016-08-13 18:05:19'),
('76','repudiandae','1978-01-17 22:40:38','1984-06-28 00:16:08'),
('77','ea','1980-11-18 10:51:17','2004-11-12 04:43:03'),
('78','ut','1998-12-19 08:19:47','1986-10-22 12:30:09'),
('79','quidem','1992-03-19 18:46:01','2004-11-18 05:41:12'),
('80','debitis','1995-11-10 12:50:36','1999-07-20 13:29:01'),
('81','possimus','1994-05-24 10:27:03','2010-05-12 01:23:17'),
('82','doloremque','1984-11-13 11:43:18','1997-03-14 03:16:42'),
('83','voluptatem','1991-05-21 03:27:06','1984-01-02 02:27:43'),
('84','molestiae','2014-01-25 11:11:44','2001-10-09 22:05:02'),
('85','asperiores','2020-01-09 07:43:56','1977-11-10 07:52:10'),
('86','quam','1982-04-02 14:12:07','1971-07-08 12:03:30'),
('87','consequatur','1973-08-27 18:21:41','1992-12-03 19:47:57'),
('88','sequi','1987-09-30 04:21:26','1988-01-08 01:55:17'),
('89','quae','2002-02-04 07:31:43','1980-09-30 17:33:37'),
('90','alias','2009-10-01 06:43:59','2006-12-31 06:20:42'),
('91','temporibus','1977-07-01 17:44:38','2019-01-08 20:04:12'),
('92','harum','2015-10-07 20:13:18','1975-02-16 20:34:06'),
('93','et','2000-02-05 02:50:25','2014-12-22 19:55:22'),
('94','eum','1981-07-04 09:31:59','2009-03-11 01:32:13'),
('95','est','1981-01-11 06:44:39','1989-06-19 20:24:21'),
('96','eos','1984-10-19 21:59:09','1988-04-01 01:19:54'),
('97','deserunt','1975-02-13 14:46:08','1979-11-26 01:21:17'),
('98','qui','1985-10-02 14:42:55','2001-02-08 16:40:08'),
('99','ex','1975-02-16 00:06:45','2015-12-23 04:20:04'),
('100','asperiores','1975-10-01 16:38:53','1998-02-06 08:32:43'); 


DROP TABLE IF EXISTS `messages`;
CREATE TABLE `messages` (
  `id` bigint(20) unsigned NOT NULL AUTO_INCREMENT,
  `from_user_id` bigint(20) unsigned NOT NULL,
  `to_user_id` bigint(20) unsigned NOT NULL,
  `body` text COLLATE utf8_unicode_ci DEFAULT NULL,
  `created_at` datetime DEFAULT current_timestamp(),
  PRIMARY KEY (`id`),
  KEY `messages_from_user_id` (`from_user_id`),
  KEY `messages_to_user_id` (`to_user_id`),
  CONSTRAINT `messages_ibfk_1` FOREIGN KEY (`from_user_id`) REFERENCES `users` (`id`),
  CONSTRAINT `messages_ibfk_2` FOREIGN KEY (`to_user_id`) REFERENCES `users` (`id`)
) ENGINE=InnoDB AUTO_INCREMENT=101 DEFAULT CHARSET=utf8 COLLATE=utf8_unicode_ci;

INSERT INTO `messages` VALUES ('1','1','1','Doloremque illum ea non veniam fuga. Quam cum voluptates doloribus qui ipsam. Officia perspiciatis facere corrupti dolore exercitationem mollitia nam. Inventore magni maxime autem consequatur.','2003-04-08 03:10:11'),
('2','2','2','Laudantium mollitia voluptatem omnis rerum eveniet dolores tempora provident. Est nostrum quia sed neque officia et provident nihil. Corrupti consequuntur a sapiente quisquam.','1996-05-26 22:18:50'),
('3','3','3','Aut eos iusto eius dignissimos unde ducimus ut quia. Quia atque autem autem. Unde dolore reprehenderit velit at minus nam ullam. Nostrum aperiam accusantium sint enim eius autem porro officiis.','1988-05-04 02:37:44'),
('4','4','4','Corporis reiciendis dolor harum in. Nobis tempore quam itaque eius tempora id omnis. Quia adipisci aut et voluptatem. Recusandae ad est voluptatem ex et id. Possimus id pariatur accusamus temporibus minus rerum quia ea.','1972-11-07 08:26:07'),
('5','5','5','Quia occaecati labore eum ut. Rerum saepe totam incidunt molestias voluptatem delectus autem. Deleniti alias ullam et. Non quis et in magni.','1997-06-27 23:18:57'),
('6','6','6','In nostrum iusto sed atque occaecati ut dignissimos. Quibusdam quibusdam qui aspernatur corporis et suscipit. Impedit quis dolorem similique ea ut.','2006-09-27 22:06:04'),
('7','7','7','Magni reprehenderit nostrum quidem quos rerum odio quo. Quos ut rerum in quidem praesentium et qui quaerat. Qui veniam rem cumque distinctio sunt expedita.','1975-03-25 23:11:03'),
('8','8','8','Beatae vel error similique velit nulla. Cum vero ut quod ea reiciendis sunt. Et suscipit voluptatum beatae dolorem.','1977-01-11 18:20:16'),
('9','9','9','Quia autem accusamus est earum. Cumque suscipit et et earum sed ab enim. Possimus voluptas aspernatur et aspernatur sint. Dolores voluptates unde debitis neque.','1993-11-11 07:23:38'),
('10','10','10','Repudiandae accusantium tempore modi exercitationem ipsum est. Deserunt rerum et qui voluptatem aut et optio. Qui possimus velit vero et qui neque consequatur. Dolores enim nemo enim blanditiis cumque minima ipsum.','2004-06-24 11:26:57'),
('11','11','11','Rerum qui laborum consequatur voluptatem. Est quis qui officiis itaque quasi. Et quas quod consectetur illo.','2013-06-21 13:59:31'),
('12','12','12','Molestiae ut nulla quis reiciendis sint sequi odit. Ad est natus voluptatem eos aperiam non minus ducimus. Sunt rem est incidunt laboriosam tenetur laboriosam impedit. Qui ut sequi placeat est similique.','1991-07-02 10:24:24'),
('13','13','13','Accusamus voluptatem fuga id. Excepturi aperiam nemo officiis placeat. Maxime voluptas quidem minima unde consectetur. Minus sed veritatis eius distinctio saepe qui. Eaque eos nihil vero consequatur omnis hic qui.','1971-08-18 06:38:22'),
('14','14','14','Sint voluptatem ab qui corrupti velit atque. Enim et reprehenderit dolores sit perferendis commodi. Consequatur veritatis sint incidunt sapiente inventore nisi qui.','1977-01-30 11:49:26'),
('15','15','15','Dolores fugiat omnis velit saepe praesentium. Numquam repellat a quas nihil repellendus excepturi et sed. Reiciendis distinctio ad quia.','1973-07-26 01:16:46'),
('16','16','16','Voluptas debitis libero quis et est. Suscipit blanditiis architecto rem hic. Et facilis temporibus optio suscipit.','2009-04-11 14:37:11'),
('17','17','17','Modi ea magnam esse blanditiis odit a sint. Sunt expedita reiciendis eligendi. Ut maiores voluptatibus molestias vel corrupti eveniet. Voluptatem consequuntur maiores quia consequatur.','1975-02-06 23:37:41'),
('18','18','18','Dolorum quos qui labore iure. Dolor dicta dignissimos voluptate quis voluptas. Aut delectus id fugiat provident sed. Consequatur consectetur dolore quidem quia dolore. Vero occaecati voluptas sit qui eius reiciendis.','1978-05-25 16:34:13'),
('19','19','19','Perspiciatis enim itaque accusamus ipsam quas iste. Nostrum possimus veritatis ipsam voluptas qui minus. Atque sit laudantium voluptatum atque. Id quaerat cumque sunt dolor.','1997-01-16 01:21:22'),
('20','20','20','Animi illo placeat voluptatem ab ipsam sint. Numquam dolores sit vel et explicabo. Ipsa qui aliquid error excepturi excepturi.','2006-04-02 11:17:35'),
('21','21','21','Consequatur molestiae cumque qui voluptas esse vero esse eligendi. Vel nulla fugit aut nulla officiis. Cum ipsa sint ut voluptas ut qui non.','1989-06-03 16:48:30'),
('22','22','22','Aperiam quia est eos. Eum ut fuga sit quia veritatis impedit odio. Nobis et distinctio dolor quia quo optio tempore.','1973-06-27 23:29:04'),
('23','23','23','Ut cupiditate sit minus impedit est. Voluptas accusamus et dolores suscipit et. Dolor laboriosam quaerat saepe laudantium sit officia qui. Necessitatibus at voluptas quos voluptas.','1997-06-25 04:39:47'),
('24','24','24','Aut non nulla aut labore. Est iste placeat ut maiores dolores. Nesciunt et quae neque aliquam.','2006-12-02 08:40:41'),
('25','25','25','Aut similique et quis iusto omnis consequatur alias. Eligendi rerum officiis minima ex praesentium. Distinctio eveniet deserunt sed culpa.','1988-01-28 10:07:43'),
('26','26','26','Ipsa vel deserunt expedita commodi illo. Illo nostrum molestiae assumenda non provident. Consectetur minima quisquam ab et. Accusamus occaecati quia et labore est. Omnis exercitationem odit et.','2007-03-01 02:03:58'),
('27','27','27','Doloremque et enim tempora nemo aut. Nisi nemo molestias voluptate qui placeat vero. Totam accusantium velit inventore asperiores rem.','2002-09-05 03:48:32'),
('28','28','28','In qui eius sed id. Consequatur voluptatem explicabo sequi quasi itaque quos. Illo nostrum architecto qui reiciendis iusto eius. Dignissimos assumenda qui molestias sit voluptate.','2001-07-09 23:59:24'),
('29','29','29','Quis incidunt nam eveniet accusantium nihil tempora similique. Sed itaque qui distinctio blanditiis exercitationem fugit reprehenderit. Est dolorem quam exercitationem iste cupiditate. Quia et qui ut aut consequatur distinctio magni.','1997-02-14 10:37:47'),
('30','30','30','Occaecati ratione rerum cumque consectetur rem consequatur consequatur. Dolor reprehenderit quasi cumque possimus dolores necessitatibus tenetur. Et omnis quae impedit sed optio. Consequatur perspiciatis quo soluta quam rerum.','1997-10-15 11:17:31'),
('31','31','31','A vitae veniam enim quia sed. Adipisci ut culpa provident sequi.','2003-04-25 15:51:22'),
('32','32','32','Ut repudiandae dolorem rerum quis doloremque quibusdam. Magni molestiae est tempora quia ut earum et sunt. Autem dolor ut et dolorem deserunt autem.','1985-07-24 20:10:59'),
('33','33','33','Ut quae rerum iusto ut libero mollitia distinctio. Omnis minima non rerum consequuntur perspiciatis dolor sit. A et non explicabo eligendi eos ex recusandae voluptate.','1994-05-14 21:24:06'),
('34','34','34','Sint repellendus labore et deserunt et veniam. Dicta aut nam fugiat veritatis sunt et aut sit.','2017-12-24 05:32:38'),
('35','35','35','Ea animi qui consectetur. Necessitatibus adipisci qui hic placeat.','1970-12-15 17:12:22'),
('36','36','36','Nemo facere unde iusto autem. Totam molestiae sunt explicabo minus est laboriosam rerum. Quia error illum quaerat assumenda magnam fugit.','2006-02-26 03:38:48'),
('37','37','37','Rem ut et itaque ipsam earum dolor libero in. Eos quis et neque nemo. Et unde aliquid ad modi. Quia dolores nostrum qui sit laudantium.','1987-02-04 23:09:54'),
('38','38','38','Sed minus at molestiae. Omnis amet alias quos eveniet enim quis omnis. Occaecati aut ut ut occaecati quo. Quo et et animi quidem doloribus fuga delectus.','2004-04-10 09:23:58'),
('39','39','39','Velit nisi deserunt in qui. Perferendis ex inventore et ratione sit. Assumenda quia ipsa sed non voluptatum facere.','1974-03-16 20:46:01'),
('40','40','40','Tempora culpa porro et corrupti. Vel nam corporis aspernatur debitis voluptas commodi optio similique. Incidunt itaque quaerat velit maxime eum.','1996-11-22 03:32:33'),
('41','41','41','Temporibus quo asperiores animi quia ab iure beatae quo. Atque aut repellat maxime quod porro minima quas. Quidem quia vitae quia doloribus harum rerum.','2003-01-23 11:38:49'),
('42','42','42','Est quas vitae blanditiis quibusdam sit adipisci voluptatem. Sed blanditiis ipsam nesciunt. Nihil aut in aut eos reiciendis odio quibusdam ab.','1984-08-05 15:04:06'),
('43','43','43','Suscipit quaerat rerum aliquid omnis. Id est commodi iste.','2012-10-30 04:03:44'),
('44','44','44','Itaque laboriosam delectus voluptatibus expedita. Est autem labore occaecati unde illum possimus adipisci. Velit nobis quibusdam aliquam beatae voluptas.','1973-09-15 04:03:15'),
('45','45','45','Perspiciatis ab earum asperiores neque natus perspiciatis mollitia sint. Exercitationem ab facere et commodi porro. Enim et illo et est. Dolor accusamus vitae esse dolorum.','2019-10-18 04:06:28'),
('46','46','46','Consequatur neque unde vitae. Est iste quo ut quibusdam ipsam. Sequi qui quaerat rerum inventore voluptas quia repellendus. Rerum illum et voluptatibus et aut sapiente facilis totam.','1980-10-08 19:40:02'),
('47','47','47','Amet dignissimos blanditiis eos corporis. Voluptates voluptas placeat excepturi ducimus laudantium sed. Est molestiae aut sunt doloremque delectus voluptas sed. Beatae non velit pariatur rerum repellendus.','1983-07-05 07:40:48'),
('48','48','48','Optio assumenda ut nobis architecto eum. Laborum pariatur a sint esse corrupti. Illo et doloremque quae cupiditate aut. Id deleniti necessitatibus occaecati quos voluptas laboriosam.','1995-04-03 09:20:28'),
('49','49','49','Reiciendis id ratione esse quo dolores vel sed. Fugiat qui qui quibusdam est quos qui autem. Et praesentium laborum suscipit error delectus qui.','1975-03-25 09:35:45'),
('50','50','50','Vero eius officiis sed nihil recusandae aliquid blanditiis ipsum. Incidunt vel aut nobis quidem reiciendis. Cupiditate eveniet dolores quod excepturi mollitia consequuntur quia. Qui molestias quibusdam similique est tenetur.','2007-07-11 03:48:02'),
('51','51','51','Facilis accusamus ut voluptas neque eaque aliquid. Omnis sint quos dolor facilis perspiciatis magnam. Cum id aut optio non quam quibusdam. Hic fugiat ut fuga rem. Nisi ut possimus magni deserunt beatae alias.','2016-08-16 01:10:24'),
('52','52','52','Ullam exercitationem sit quis quas. Et accusantium ut quae in labore. Qui sequi natus repellendus reiciendis et saepe. Tempore consequatur maxime enim numquam labore.','2007-12-31 17:42:44'),
('53','53','53','Nostrum enim reprehenderit impedit praesentium facere odit enim. Repellat tempora consequatur aut pariatur facilis. Similique quod voluptatibus minus aut. Laboriosam fugit nobis illum ad necessitatibus ut at sunt.','2006-10-21 06:42:59'),
('54','54','54','Dolor reiciendis non laborum ratione sit suscipit nobis. Et et enim et aspernatur nemo nesciunt sint adipisci. Atque ut commodi aperiam est.','1986-11-09 00:27:43'),
('55','55','55','Accusamus eligendi debitis doloribus quibusdam hic perspiciatis aliquam. Accusantium quas architecto neque non. Natus inventore culpa mollitia. Beatae sint sed repellendus tempore perferendis.','1985-08-07 13:26:16'),
('56','56','56','Dolore qui dolor et quo. Quia sint quaerat et labore ut. Sit alias eum numquam enim est error.','1976-05-16 21:43:59'),
('57','57','57','Beatae quam nulla maiores. Voluptas deleniti deserunt eligendi deserunt doloremque debitis libero. Minima amet laboriosam iure tempora laudantium et.','2011-09-30 10:53:02'),
('58','58','58','Voluptatibus autem provident iste esse. In exercitationem ad unde voluptatem labore. Corporis magni est pariatur dicta eum architecto.','1988-03-09 23:07:59'),
('59','59','59','Quia nulla corrupti odit non et harum. Voluptatibus aut rem ut tempora iusto amet. Perspiciatis cupiditate porro nesciunt autem et ut natus. Quia cumque soluta tempora rerum.','1990-02-18 02:58:23'),
('60','60','60','Qui facere quidem fuga modi quo. Laudantium placeat est quo id veritatis. Vel iure temporibus iure qui. Totam facilis nihil autem soluta.','1971-12-27 05:12:21'),
('61','61','61','Iusto non itaque et et qui ullam voluptas. Officia velit cupiditate maiores in dicta aut quia accusamus. Cum dignissimos est ipsam ducimus ut minima.','1994-08-08 20:12:48'),
('62','62','62','Sint est autem possimus animi non. Vel corporis voluptatem voluptatibus mollitia aut minus. Impedit animi doloribus amet fugiat omnis porro. Dignissimos minus ut rerum qui nulla earum fuga.','2001-02-26 23:46:06'),
('63','63','63','Consequuntur sed quia veniam autem iusto. Quia et dolor non aut. Aut dolor modi mollitia voluptate in ea rerum. Et accusantium rerum et ipsam. Omnis et libero quam repudiandae.','2007-04-06 23:33:43'),
('64','64','64','Earum expedita tempore consequatur eius ipsam. Id ut blanditiis atque ut eos est odit. Quam non praesentium tenetur eos. Ut in ut est molestias.','2012-09-19 02:03:55'),
('65','65','65','Sit maxime ullam modi dolores et modi. Assumenda officia velit quas velit aut pariatur et. Labore aut maiores voluptates sed.','2000-12-17 19:59:38'),
('66','66','66','Quo eius deleniti adipisci odio eum dolorum. Cupiditate vel nemo totam ut sed dolores optio rem. Aut ut esse voluptas nihil. Quas accusamus dolorem corporis quia hic in.','1972-06-13 19:48:52'),
('67','67','67','Est libero esse esse ipsa. Et fugit repellat sint repellat rerum sit. Nemo doloremque eos unde veritatis totam.','1974-12-15 18:17:44'),
('68','68','68','Aut dolorem similique consequatur itaque doloribus. Est rem ab deserunt ut veritatis porro laboriosam.','1996-12-03 06:55:09'),
('69','69','69','Quia architecto et molestiae nihil inventore. Quis in blanditiis dignissimos consequatur et quo assumenda tempore. Nemo consequatur ipsum sint dolorem beatae dicta maxime.','1979-04-11 22:09:55'),
('70','70','70','Molestiae quidem ut nesciunt corrupti officiis distinctio molestias. Autem neque omnis nulla ducimus non. Facilis praesentium nobis sed.','2005-06-01 14:16:08'),
('71','71','71','Amet ratione explicabo dolore nihil aut pariatur dolores. Corporis aut dolore exercitationem sunt excepturi. Voluptas magnam possimus sit alias. Qui atque qui quia ex voluptatem sunt delectus.','1995-06-02 19:40:45'),
('72','72','72','Inventore eum et atque a nisi nulla et. Autem aut perferendis quo a.','2002-05-30 20:06:15'),
('73','73','73','Excepturi at voluptatem aperiam itaque quibusdam sint sit. In nisi id iure doloremque amet sed dolorem. Animi similique minima ea veniam nam magni ullam esse.','2004-08-17 03:00:27'),
('74','74','74','Dolorem eum ex quia saepe sint ad distinctio ea. Doloribus et ea quisquam velit et et voluptas. Dolorem et autem quis voluptatum et dolor.','2000-09-10 01:40:03'),
('75','75','75','Sequi nobis in sit dignissimos. Eos cum et et ad.','2014-01-14 12:06:19'),
('76','76','76','Id vitae rem est veritatis tempore aperiam. Est nulla nesciunt modi facere occaecati. Voluptatem voluptates tenetur facere accusantium labore eligendi.','1978-08-26 06:28:47'),
('77','77','77','Aliquam dicta tenetur tempore eveniet. Laudantium eaque qui pariatur sit omnis.','2006-10-02 17:30:42'),
('78','78','78','Natus fugit autem et quis. Quia animi in deserunt laudantium eaque maiores. Omnis enim sint voluptatem aut maiores sit. Facilis velit et amet et.','2008-08-02 10:04:43'),
('79','79','79','Asperiores suscipit praesentium voluptatem illum ut. Omnis pariatur ullam excepturi. Voluptas fugiat minima possimus blanditiis voluptate blanditiis non soluta. Corporis cumque molestiae dolorum illum ex.','1976-07-18 09:55:46'),
('80','80','80','Sit commodi ea sequi id blanditiis illum accusamus. Minus esse sint autem accusamus reprehenderit voluptatibus vitae. Illum labore facilis ipsum consectetur voluptas voluptate. Et harum aliquam nostrum minima laboriosam. Illo perspiciatis asperiores perferendis harum ut et ea.','2015-11-21 10:04:26'),
('81','81','81','Hic mollitia ut tempora aut. Fugit dicta odio sed repudiandae dolore nostrum. Ab qui natus consequatur ipsam.','1973-03-02 23:58:28'),
('82','82','82','Ut eum provident qui ut eum suscipit numquam. Culpa quas rerum animi natus ut.','1988-05-30 21:34:10'),
('83','83','83','Commodi ex id corporis debitis expedita voluptatibus enim. Et quod autem et aut. Facilis et velit placeat.','1973-07-02 00:46:29'),
('84','84','84','Dolore culpa in eligendi consequatur. Eligendi optio totam aut qui aut. Facilis consequatur officia dolore aut iste earum tempore. Voluptatem blanditiis aut quam possimus. Deleniti rerum aperiam quaerat sunt consequatur cumque magni.','2003-07-14 22:56:39'),
('85','85','85','Assumenda iste sed ipsam. Est suscipit iste est quasi id repellat. Similique illo nihil consectetur cum aut.','2004-11-12 08:58:43'),
('86','86','86','Consequuntur explicabo consequuntur praesentium dolorem cum. Saepe animi earum qui voluptas nihil. Soluta qui qui commodi illo voluptatum provident. Est dolores natus qui ut autem.','2010-06-21 11:35:55'),
('87','87','87','Laboriosam delectus atque necessitatibus neque libero blanditiis voluptate. Est et vero quas. Qui incidunt est est est qui pariatur. Laborum qui adipisci possimus beatae omnis aliquid accusamus.','1996-03-12 01:58:24'),
('88','88','88','Et et corporis dolorem nesciunt ullam. Asperiores aut quae corporis doloremque quia perspiciatis. Sint architecto nesciunt qui et rerum qui.','1996-09-09 06:49:10'),
('89','89','89','Ipsam voluptatibus hic iusto esse aut. Facilis et quos quam ut. Est praesentium alias ut et doloremque eius non hic. Quia quo culpa autem dolorem ducimus.','1970-10-26 15:41:47'),
('90','90','90','Veritatis veritatis dolores ratione dicta nihil et aut. Aperiam eos rerum quaerat et excepturi rem. Officiis quis quaerat cum minima voluptates impedit rerum. Laborum unde aut totam dolore.','1970-11-16 06:24:04'),
('91','91','91','Nihil dolorem quibusdam labore beatae et dolorum voluptate. Expedita dolorum qui consequatur vero ut qui natus. Quo dolore soluta dolore doloribus tempore. Saepe blanditiis pariatur est ratione id ut in.','1996-12-12 16:07:53'),
('92','92','92','Excepturi quisquam laboriosam numquam consequatur aut. Corporis cum tempora et et occaecati. Velit beatae enim id in ut quo aut.','1976-06-19 03:49:56'),
('93','93','93','Nisi aut aliquid minima et vel repudiandae. Ut ut natus et hic tempora.','1993-03-21 03:37:25'),
('94','94','94','Recusandae nostrum repellendus et ea qui nam cupiditate est. Et doloremque ipsam voluptatum sunt quia. Harum ratione porro ex ipsam non id.','1980-08-29 21:42:49'),
('95','95','95','Saepe voluptas fugiat excepturi ipsa eum commodi natus minima. Qui eum voluptates et qui inventore sint. Laudantium quas est quis ut earum. Molestiae enim rerum voluptatem deleniti rerum.','2003-10-04 06:45:47'),
('96','96','96','Optio veniam at perferendis dolores est veniam minima. Voluptatibus ut exercitationem aut quas voluptatem eos maxime ipsam. Maiores voluptatem et facilis veritatis id. Omnis eum eos mollitia nisi qui.','1997-03-08 07:42:22'),
('97','97','97','Consequatur repellendus nobis qui rerum molestiae minus debitis. Praesentium voluptatem molestiae et voluptatibus exercitationem. Ipsam in fuga possimus aspernatur.','2004-10-09 12:42:01'),
('98','98','98','Officia iste corrupti et cumque explicabo velit reprehenderit quibusdam. Corrupti doloribus reiciendis velit itaque numquam consectetur incidunt. Porro nam voluptatem voluptatum qui.','2012-06-19 20:48:15'),
('99','99','99','Voluptas magnam quod dolor qui aut. Ea consequatur temporibus voluptatibus mollitia. Voluptatibus nisi exercitationem est voluptatem. Dolores aut dolorem sit nulla rerum fugit et.','1974-12-26 09:12:15'),
('100','100','100','Eius deserunt aut magni sed possimus. Molestiae temporibus iste nesciunt nobis dolores sapiente. Asperiores dolorem aut nisi facilis aut natus molestiae ut. Voluptas eum eveniet omnis quae voluptatum magni eum in.','1983-10-15 06:37:03'); 


DROP TABLE IF EXISTS `photo_albums`;
CREATE TABLE `photo_albums` (
  `id` bigint(20) unsigned NOT NULL AUTO_INCREMENT,
  `name` varchar(255) COLLATE utf8_unicode_ci DEFAULT NULL,
  `user_id` bigint(20) unsigned DEFAULT NULL,
  PRIMARY KEY (`id`),
  UNIQUE KEY `id` (`id`),
  KEY `user_id` (`user_id`),
  CONSTRAINT `photo_albums_ibfk_1` FOREIGN KEY (`user_id`) REFERENCES `users` (`id`)
) ENGINE=InnoDB AUTO_INCREMENT=101 DEFAULT CHARSET=utf8 COLLATE=utf8_unicode_ci;

INSERT INTO `photo_albums` VALUES ('1','recusandae','1'),
('2','optio','2'),
('3','corporis','3'),
('4','unde','4'),
('5','minima','5'),
('6','maiores','6'),
('7','nam','7'),
('8','omnis','8'),
('9','beatae','9'),
('10','praesentium','10'),
('11','deleniti','11'),
('12','molestiae','12'),
('13','at','13'),
('14','et','14'),
('15','omnis','15'),
('16','atque','16'),
('17','aut','17'),
('18','omnis','18'),
('19','quia','19'),
('20','odit','20'),
('21','ut','21'),
('22','dolor','22'),
('23','molestiae','23'),
('24','vitae','24'),
('25','omnis','25'),
('26','maiores','26'),
('27','mollitia','27'),
('28','minus','28'),
('29','consectetur','29'),
('30','doloremque','30'),
('31','eum','31'),
('32','temporibus','32'),
('33','esse','33'),
('34','non','34'),
('35','sint','35'),
('36','et','36'),
('37','ea','37'),
('38','sint','38'),
('39','nihil','39'),
('40','odio','40'),
('41','ut','41'),
('42','in','42'),
('43','et','43'),
('44','repellendus','44'),
('45','est','45'),
('46','illo','46'),
('47','qui','47'),
('48','aut','48'),
('49','quo','49'),
('50','ut','50'),
('51','et','51'),
('52','eius','52'),
('53','et','53'),
('54','maiores','54'),
('55','nisi','55'),
('56','dicta','56'),
('57','nisi','57'),
('58','aliquam','58'),
('59','est','59'),
('60','eum','60'),
('61','consequuntur','61'),
('62','accusantium','62'),
('63','maxime','63'),
('64','enim','64'),
('65','illo','65'),
('66','aut','66'),
('67','et','67'),
('68','ducimus','68'),
('69','nobis','69'),
('70','officiis','70'),
('71','adipisci','71'),
('72','at','72'),
('73','dignissimos','73'),
('74','quas','74'),
('75','et','75'),
('76','voluptatem','76'),
('77','aut','77'),
('78','voluptas','78'),
('79','ullam','79'),
('80','facere','80'),
('81','distinctio','81'),
('82','esse','82'),
('83','vel','83'),
('84','animi','84'),
('85','quis','85'),
('86','laborum','86'),
('87','architecto','87'),
('88','non','88'),
('89','cum','89'),
('90','molestiae','90'),
('91','dolorem','91'),
('92','nesciunt','92'),
('93','maiores','93'),
('94','aut','94'),
('95','et','95'),
('96','in','96'),
('97','aperiam','97'),
('98','labore','98'),
('99','error','99'),
('100','accusamus','100'); 


DROP TABLE IF EXISTS `photos`;
CREATE TABLE `photos` (
  `id` bigint(20) unsigned NOT NULL AUTO_INCREMENT,
  `album_id` bigint(20) unsigned NOT NULL,
  `media_id` bigint(20) unsigned NOT NULL,
  PRIMARY KEY (`id`),
  KEY `album_id` (`album_id`),
  KEY `media_id` (`media_id`),
  CONSTRAINT `photos_ibfk_1` FOREIGN KEY (`album_id`) REFERENCES `photo_albums` (`id`),
  CONSTRAINT `photos_ibfk_2` FOREIGN KEY (`media_id`) REFERENCES `media` (`id`)
) ENGINE=InnoDB AUTO_INCREMENT=101 DEFAULT CHARSET=utf8 COLLATE=utf8_unicode_ci;

INSERT INTO `photos` VALUES ('1','1','1'),
('2','2','2'),
('3','3','3'),
('4','4','4'),
('5','5','5'),
('6','6','6'),
('7','7','7'),
('8','8','8'),
('9','9','9'),
('10','10','10'),
('11','11','11'),
('12','12','12'),
('13','13','13'),
('14','14','14'),
('15','15','15'),
('16','16','16'),
('17','17','17'),
('18','18','18'),
('19','19','19'),
('20','20','20'),
('21','21','21'),
('22','22','22'),
('23','23','23'),
('24','24','24'),
('25','25','25'),
('26','26','26'),
('27','27','27'),
('28','28','28'),
('29','29','29'),
('30','30','30'),
('31','31','31'),
('32','32','32'),
('33','33','33'),
('34','34','34'),
('35','35','35'),
('36','36','36'),
('37','37','37'),
('38','38','38'),
('39','39','39'),
('40','40','40'),
('41','41','41'),
('42','42','42'),
('43','43','43'),
('44','44','44'),
('45','45','45'),
('46','46','46'),
('47','47','47'),
('48','48','48'),
('49','49','49'),
('50','50','50'),
('51','51','51'),
('52','52','52'),
('53','53','53'),
('54','54','54'),
('55','55','55'),
('56','56','56'),
('57','57','57'),
('58','58','58'),
('59','59','59'),
('60','60','60'),
('61','61','61'),
('62','62','62'),
('63','63','63'),
('64','64','64'),
('65','65','65'),
('66','66','66'),
('67','67','67'),
('68','68','68'),
('69','69','69'),
('70','70','70'),
('71','71','71'),
('72','72','72'),
('73','73','73'),
('74','74','74'),
('75','75','75'),
('76','76','76'),
('77','77','77'),
('78','78','78'),
('79','79','79'),
('80','80','80'),
('81','81','81'),
('82','82','82'),
('83','83','83'),
('84','84','84'),
('85','85','85'),
('86','86','86'),
('87','87','87'),
('88','88','88'),
('89','89','89'),
('90','90','90'),
('91','91','91'),
('92','92','92'),
('93','93','93'),
('94','94','94'),
('95','95','95'),
('96','96','96'),
('97','97','97'),
('98','98','98'),
('99','99','99'),
('100','100','100'); 


DROP TABLE IF EXISTS `profiles`;
CREATE TABLE `profiles` (
  `user_id` bigint(20) unsigned NOT NULL AUTO_INCREMENT,
  `gender` char(1) COLLATE utf8_unicode_ci DEFAULT NULL,
  `birthday` date DEFAULT NULL,
  `photo_id` bigint(20) unsigned DEFAULT NULL,
  `created_at` datetime DEFAULT current_timestamp(),
  `hometown` varchar(100) COLLATE utf8_unicode_ci DEFAULT NULL,
  PRIMARY KEY (`user_id`),
  CONSTRAINT `profiles_ibfk_1` FOREIGN KEY (`user_id`) REFERENCES `users` (`id`) ON UPDATE CASCADE
) ENGINE=InnoDB AUTO_INCREMENT=101 DEFAULT CHARSET=utf8 COLLATE=utf8_unicode_ci;

INSERT INTO `profiles` VALUES ('1',NULL,'1996-09-14','1','2001-02-26 21:40:36',NULL),
('2',NULL,'2011-02-24','2','1998-09-19 10:09:50',NULL),
('3',NULL,'1994-08-09','3','1992-01-02 15:15:26',NULL),
('4',NULL,'2000-10-09','4','1979-10-28 14:53:27',NULL),
('5',NULL,'2005-04-30','5','1981-09-19 20:28:03',NULL),
('6',NULL,'1975-05-23','6','2013-01-26 12:27:48',NULL),
('7',NULL,'1985-12-02','7','2011-03-07 15:22:19',NULL),
('8',NULL,'2001-01-31','8','1971-01-30 22:51:42',NULL),
('9',NULL,'2003-12-05','9','2009-12-21 05:41:50',NULL),
('10',NULL,'1991-10-18','10','2000-11-02 11:41:58',NULL),
('11',NULL,'2015-11-21','11','1978-11-08 22:48:24',NULL),
('12',NULL,'1984-04-01','12','1990-11-03 15:18:19',NULL),
('13',NULL,'2007-07-29','13','1984-01-18 07:02:40',NULL),
('14',NULL,'2005-02-10','14','1994-03-08 09:58:51',NULL),
('15',NULL,'2005-12-02','15','1983-07-13 15:08:35',NULL),
('16',NULL,'1998-04-29','16','1973-10-18 04:22:57',NULL),
('17',NULL,'2002-02-10','17','1998-06-08 12:39:54',NULL),
('18',NULL,'1973-03-07','18','2002-05-30 10:33:19',NULL),
('19',NULL,'1994-09-21','19','1974-08-20 08:29:35',NULL),
('20',NULL,'2007-09-05','20','2019-07-06 21:25:34',NULL),
('21',NULL,'1972-04-10','21','1988-03-08 22:34:40',NULL),
('22',NULL,'2001-08-26','22','1982-10-12 15:15:41',NULL),
('23',NULL,'1994-01-23','23','2013-06-25 23:04:51',NULL),
('24',NULL,'1972-03-18','24','2011-12-30 20:25:38',NULL),
('25',NULL,'1973-07-04','25','1978-03-12 04:06:06',NULL),
('26',NULL,'1970-05-16','26','2019-12-18 04:55:34',NULL),
('27',NULL,'1987-06-05','27','1980-09-02 12:16:37',NULL),
('28',NULL,'2015-09-01','28','1989-11-21 07:06:33',NULL),
('29',NULL,'1981-07-19','29','2012-02-26 09:07:58',NULL),
('30',NULL,'1986-02-23','30','2010-12-22 11:11:13',NULL),
('31',NULL,'1985-08-07','31','1974-07-30 18:35:21',NULL),
('32',NULL,'2014-08-28','32','2003-07-28 21:26:21',NULL),
('33',NULL,'2000-08-15','33','2011-06-13 18:41:02',NULL),
('34',NULL,'2016-10-11','34','1980-02-18 04:53:50',NULL),
('35',NULL,'1974-05-05','35','2003-04-22 04:14:19',NULL),
('36',NULL,'1971-02-04','36','1989-12-20 01:07:11',NULL),
('37',NULL,'2016-02-15','37','1994-07-10 00:33:56',NULL),
('38',NULL,'1993-03-28','38','2016-12-18 04:10:08',NULL),
('39',NULL,'1970-12-26','39','2012-03-20 12:58:08',NULL),
('40',NULL,'2014-08-17','40','1985-07-05 18:18:46',NULL),
('41',NULL,'2013-08-30','41','1997-05-01 22:34:16',NULL),
('42',NULL,'2014-01-24','42','1974-05-26 14:45:15',NULL),
('43',NULL,'1981-01-29','43','2017-04-15 11:04:28',NULL),
('44',NULL,'1972-08-07','44','2006-02-26 04:00:58',NULL),
('45',NULL,'2018-01-12','45','1985-12-18 22:34:28',NULL),
('46',NULL,'1997-08-01','46','1986-03-06 19:32:37',NULL),
('47',NULL,'1983-06-24','47','2015-08-03 04:19:34',NULL),
('48',NULL,'2019-08-11','48','2004-05-14 06:03:12',NULL),
('49',NULL,'2016-11-13','49','1995-04-06 15:36:47',NULL),
('50',NULL,'1971-10-12','50','2001-06-08 18:53:31',NULL),
('51',NULL,'1974-08-21','51','2019-08-26 05:27:43',NULL),
('52',NULL,'1979-05-13','52','2002-06-28 09:28:28',NULL),
('53',NULL,'1992-04-15','53','1981-06-12 12:31:59',NULL),
('54',NULL,'1990-04-23','54','2018-12-06 10:10:01',NULL),
('55',NULL,'1982-02-24','55','1999-10-12 09:00:11',NULL),
('56',NULL,'2002-08-30','56','2004-10-25 06:45:23',NULL),
('57',NULL,'1976-09-11','57','1974-07-21 05:01:10',NULL),
('58',NULL,'1986-02-27','58','1974-11-10 20:17:40',NULL),
('59',NULL,'2018-02-12','59','1981-12-05 17:54:28',NULL),
('60',NULL,'2007-07-15','60','1993-05-19 06:11:55',NULL),
('61',NULL,'2009-07-03','61','1987-03-10 03:55:28',NULL),
('62',NULL,'2014-04-30','62','2009-04-29 07:33:02',NULL),
('63',NULL,'2003-06-28','63','2018-11-27 21:44:38',NULL),
('64',NULL,'1979-02-20','64','2007-06-07 22:03:33',NULL),
('65',NULL,'1980-12-01','65','1983-06-09 14:14:03',NULL),
('66',NULL,'1972-12-03','66','1970-09-26 23:49:35',NULL),
('67',NULL,'1976-12-16','67','2000-01-12 08:45:49',NULL),
('68',NULL,'2019-07-21','68','2019-09-22 10:40:09',NULL),
('69',NULL,'2003-10-13','69','1975-08-07 19:41:53',NULL),
('70',NULL,'2016-10-31','70','2009-12-22 08:34:04',NULL),
('71',NULL,'2017-07-17','71','2019-04-05 04:18:56',NULL),
('72',NULL,'2020-01-14','72','1989-05-23 14:48:06',NULL),
('73',NULL,'2010-03-16','73','1982-01-13 19:22:28',NULL),
('74',NULL,'2013-02-02','74','1986-11-16 17:10:09',NULL),
('75',NULL,'1977-08-25','75','1970-10-23 08:45:14',NULL),
('76',NULL,'1988-04-12','76','1970-11-09 01:17:31',NULL),
('77',NULL,'1990-06-05','77','2012-11-11 23:19:40',NULL),
('78',NULL,'2015-10-21','78','1976-05-23 18:29:39',NULL),
('79',NULL,'1998-01-15','79','1997-07-06 13:41:31',NULL),
('80',NULL,'2010-04-07','80','2001-08-30 11:42:39',NULL),
('81',NULL,'2017-12-18','81','2018-04-16 04:28:11',NULL),
('82',NULL,'2007-05-25','82','1984-09-30 15:30:17',NULL),
('83',NULL,'1985-03-28','83','1993-02-11 07:28:28',NULL),
('84',NULL,'2012-01-23','84','1985-05-10 23:23:12',NULL),
('85',NULL,'2010-12-05','85','1971-03-03 00:07:28',NULL),
('86',NULL,'1975-01-09','86','1994-12-08 04:45:11',NULL),
('87',NULL,'2003-12-04','87','1982-01-13 03:32:16',NULL),
('88',NULL,'1998-06-18','88','1982-06-24 06:58:33',NULL),
('89',NULL,'2005-09-13','89','2018-11-18 17:29:19',NULL),
('90',NULL,'1992-12-06','90','2003-04-23 12:42:14',NULL),
('91',NULL,'1996-09-06','91','1991-06-01 20:05:18',NULL),
('92',NULL,'1988-03-18','92','1984-01-12 23:54:49',NULL),
('93',NULL,'1980-11-23','93','2004-05-15 13:43:05',NULL),
('94',NULL,'1973-03-03','94','1987-05-29 21:55:28',NULL),
('95',NULL,'1971-09-09','95','1989-09-05 03:59:45',NULL),
('96',NULL,'1995-06-07','96','2010-03-18 10:29:18',NULL),
('97',NULL,'2002-01-16','97','2010-07-26 23:19:13',NULL),
('98',NULL,'1973-11-07','98','2003-11-18 04:29:16',NULL),
('99',NULL,'1997-07-04','99','1994-04-12 22:04:59',NULL),
('100',NULL,'1997-11-05','100','2000-03-20 04:18:08',NULL); 


DROP TABLE IF EXISTS `saved_msg`;
CREATE TABLE `saved_msg` (
  `id` bigint(20) unsigned NOT NULL AUTO_INCREMENT,
  `user_id` bigint(20) unsigned DEFAULT NULL,
  `messages_id` bigint(20) unsigned DEFAULT NULL,
  `body_text` text COLLATE utf8_unicode_ci NOT NULL,
  PRIMARY KEY (`id`),
  UNIQUE KEY `id` (`id`),
  KEY `user_id` (`user_id`),
  CONSTRAINT `saved_msg_ibfk_1` FOREIGN KEY (`user_id`) REFERENCES `users` (`id`)
) ENGINE=InnoDB AUTO_INCREMENT=101 DEFAULT CHARSET=utf8 COLLATE=utf8_unicode_ci;

INSERT INTO `saved_msg` VALUES ('1','1','1','Quam eum molestias atque dolores id sunt. Inventore aut quo voluptas autem. Impedit voluptatem laboriosam quia laborum. Similique atque facilis fugiat facilis.'),
('2','2','2','Minima velit temporibus doloribus temporibus rem esse. Ut delectus voluptatum ab ut dolorem autem vel earum. Rerum ullam doloribus corporis rerum vitae qui maiores.'),
('3','3','3','Nobis cupiditate sint voluptate soluta vero ut distinctio. Et maxime eius nihil eligendi dolores cupiditate. Quia nihil labore accusamus iure molestiae asperiores. Eveniet a dolores earum minus vitae.'),
('4','4','4','Non et voluptatem animi est sit voluptate est. Enim voluptate et ut dolorem veritatis in. Tenetur nihil tenetur dolores sit quisquam dolor. Ut atque repudiandae eligendi sit nisi dolorem natus.'),
('5','5','5','Non dolorum sint odit adipisci quam eaque est ea. Deserunt ducimus voluptatem sed velit non quidem.'),
('6','6','6','Inventore alias minima nulla esse ullam. Labore ea eum eos rerum qui et. Sunt rerum harum voluptatem vero aspernatur voluptas. Asperiores exercitationem est alias.'),
('7','7','7','Eos qui sit nulla ipsam. Quia dolores et voluptatem beatae ab et beatae. Ipsam quaerat saepe voluptates velit eveniet.'),
('8','8','8','Quia repudiandae enim enim. Repellendus delectus aut sint incidunt et. Dolorem labore delectus animi consequatur.'),
('9','9','9','Et repellat rerum et quae quia eum qui. Commodi illo impedit sit. Minima dolor rerum pariatur a reprehenderit. Et nihil eligendi aliquam id rerum sed sunt dolorem.'),
('10','10','10','Voluptatem eum repellendus deserunt officiis voluptatem. Dicta debitis possimus possimus aperiam vel rerum. Enim consequatur dolorem alias qui. Accusantium cupiditate dolor veniam.'),
('11','11','11','Harum dicta et fuga porro provident laborum. Fugit recusandae laboriosam odio facere numquam rerum rerum sed. Nemo assumenda tenetur provident fugit mollitia. Reiciendis officiis id voluptas totam omnis et.'),
('12','12','12','Sint aliquam necessitatibus dolorum. Voluptatem quod facere maxime assumenda est recusandae non sed. Rerum est voluptatem sed quos consequuntur porro in.'),
('13','13','13','Est laudantium veritatis vero et qui cupiditate totam. Veritatis possimus tenetur omnis et.'),
('14','14','14','Quidem ut tenetur cumque architecto possimus perferendis. Nostrum perferendis deleniti corporis ipsum saepe odit. Voluptatum optio harum explicabo. Libero facere ut dicta et repellendus repellat ut.'),
('15','15','15','Aut sint porro nobis voluptatem assumenda et. Sapiente molestias quod aliquid ad aut unde. Officiis est ut architecto maxime. Voluptate quas magni quae quo quidem.'),
('16','16','16','Voluptatem eos sint minus est quam et. Odio et sapiente vitae at exercitationem nobis. Voluptas quis quo corporis vero hic illo.'),
('17','17','17','Qui et at dolorem ut culpa facilis sed. Qui consequuntur reprehenderit fugiat ut soluta non assumenda. Pariatur expedita voluptate ipsa enim blanditiis voluptates.'),
('18','18','18','Ipsa a similique maiores nobis architecto. Iste ipsa mollitia quos atque iste. Qui illo voluptatibus odio accusamus aspernatur perspiciatis. Et molestiae ratione officia recusandae fugiat dolores.'),
('19','19','19','Accusantium sequi est ut porro perferendis. Recusandae officiis ea aliquam dolore et et. Mollitia sit iure iure. Tempora vel possimus dolores tempore est libero quisquam.'),
('20','20','20','Voluptates aut nesciunt incidunt nostrum aut veniam culpa. Repudiandae voluptate quis optio provident. Sed fuga doloribus reiciendis dolor.'),
('21','21','21','Neque est repudiandae consequatur magni suscipit. Reiciendis consequatur corporis reiciendis sunt voluptatem commodi. Possimus expedita qui sed quaerat omnis. Id perferendis aliquid et eius.'),
('22','22','22','Odit corrupti tempora sapiente sed quas est. Nesciunt quos eum necessitatibus cumque. Accusantium qui quae illo eum qui.'),
('23','23','23','Aliquid omnis voluptatem et aut nihil. Ea officia rerum totam est repudiandae praesentium. Voluptas dolorum laborum esse error odio. Itaque aliquam nihil quo recusandae aut ut eum odit.'),
('24','24','24','Non est fugiat voluptates in aut fuga in. Facere quam nobis error quo quisquam qui. Iure ut est eum tenetur qui culpa quis.'),
('25','25','25','Totam unde dicta ea omnis quibusdam neque cumque. Vero nesciunt soluta ut deserunt sequi deleniti. Voluptas optio laudantium quam incidunt sint dicta aut. Quae magni accusamus repellat ipsam aut aliquam qui non.'),
('26','26','26','Enim laboriosam iure rem modi fugiat occaecati esse. Est nobis suscipit quod doloremque officiis maiores omnis. Et voluptatem hic quod velit aspernatur. Ut id voluptatem dolores voluptates nihil qui aut.'),
('27','27','27','Accusantium vero sed quia temporibus doloremque iste minima ut. Similique quidem totam ut tempora sed. Eaque sit assumenda libero. Fugit voluptatibus hic sint dolores eum libero.'),
('28','28','28','Sit enim et perspiciatis. Vel non quibusdam amet cum necessitatibus enim. Eum doloribus culpa rem dignissimos.'),
('29','29','29','Ipsum pariatur ratione voluptates beatae. Asperiores voluptatem ab quos porro quos ut distinctio nam. Laborum voluptatem debitis eius vitae sequi voluptatem aperiam. Porro cum repudiandae odio cum magni eos aliquam voluptas.'),
('30','30','30','Est quas molestiae consectetur. Magnam tempore voluptatem eum nihil iure et. Ab dolores ea iste omnis quis ex.'),
('31','31','31','Soluta enim sint saepe maiores hic. Aut repudiandae cumque repellat ut dolores repellendus amet aperiam. Atque illo delectus et unde deserunt voluptas dolorum. Nulla quam pariatur molestiae. Inventore eos accusantium commodi repellendus atque consectetur.'),
('32','32','32','Eaque voluptate ducimus officiis eos nesciunt. Itaque voluptate aliquid est odio enim. Quo nostrum aut vitae ad recusandae.'),
('33','33','33','Consequatur et laboriosam excepturi ut et est eius. Doloribus nostrum suscipit voluptatem eos excepturi excepturi.'),
('34','34','34','At necessitatibus repellendus dolor aut provident. Maiores et ab ea harum. Aut quisquam ut similique fugit distinctio est rerum sunt. Dolores sit eaque qui iusto impedit.'),
('35','35','35','Velit id et facilis est consectetur. Doloremque sint quae accusamus voluptatum. Quis placeat maxime sunt ex facilis ipsa et sit. Fugiat architecto dolores molestias qui. Vitae consequuntur quae qui.'),
('36','36','36','Mollitia ut adipisci deserunt doloremque vel sit. Est fuga minus qui ea eum. Repellendus cumque reprehenderit ex ea qui illum.'),
('37','37','37','Eum voluptas architecto sed consequuntur non. Quia voluptas a eaque dolorem reiciendis.'),
('38','38','38','Nihil iusto expedita temporibus. Maxime quisquam eligendi et voluptate accusamus vero.'),
('39','39','39','Sit minus impedit sapiente assumenda. Ipsam omnis accusantium animi exercitationem consequatur voluptatibus ex. Quae consequatur maiores quo ut molestiae.'),
('40','40','40','Molestias sapiente nihil illo natus commodi optio tempora. Dolor qui non voluptatem eius. Reprehenderit neque molestiae eveniet in quia excepturi consequatur. Maxime debitis tempore et voluptatem voluptas ut recusandae iusto.'),
('41','41','41','Repellat tenetur dolorem ratione ut distinctio eos. Praesentium alias illum suscipit sed quia et. Reprehenderit est voluptatem hic est commodi rerum.'),
('42','42','42','Quod quia ipsa sunt soluta omnis ipsum. Tempore neque tempore impedit occaecati. Aut explicabo dolorum quae odio adipisci distinctio. Nesciunt dolores eaque vel delectus.'),
('43','43','43','Quasi enim asperiores sed voluptatem non aut expedita. Libero consequatur sint consequatur natus dolores dignissimos numquam perferendis. Impedit voluptatem cumque exercitationem voluptatem doloremque officia sunt. Facilis inventore nemo aperiam repellat placeat voluptate.'),
('44','44','44','Pariatur unde ut doloremque ratione aliquam. Totam assumenda et est consequatur pariatur.'),
('45','45','45','Nostrum nobis dicta error aut eum reiciendis officiis. Aliquid itaque aliquid molestiae sit. Perferendis et debitis quia non.'),
('46','46','46','Ullam ullam perferendis dignissimos illum ipsa id. Et ut quia vero nihil aut voluptatem vel aut.'),
('47','47','47','Sit et dicta id ipsum. Dolores nesciunt quas vel totam nihil eos. Unde occaecati exercitationem consequatur corrupti omnis. Nesciunt eius voluptatem aut dolores.'),
('48','48','48','Nostrum et velit in ipsam. Quo perspiciatis alias consequatur voluptatem culpa. Iure voluptatem nesciunt dignissimos distinctio eos.'),
('49','49','49','Reprehenderit alias et excepturi distinctio impedit est. Ut voluptatem voluptatem provident soluta quibusdam eveniet. Totam sed vero est quae saepe non.'),
('50','50','50','Amet dicta sed consequuntur alias et odio magnam. Modi quisquam velit itaque provident sit. Quod est ex qui atque eos. Distinctio consequuntur debitis dolorem nam vitae voluptatem fugiat ipsa.'),
('51','51','51','Quod ut non harum quaerat pariatur adipisci. Accusamus labore molestiae nemo aut sed autem. Laboriosam omnis dolorem aut facere est.'),
('52','52','52','Natus porro incidunt dolore non. Sint vel quis sit quos ut cupiditate hic aliquam. Necessitatibus eligendi porro aut velit iure molestias et.'),
('53','53','53','Non quisquam dolorem reiciendis saepe exercitationem. Eum debitis necessitatibus recusandae voluptas quia. Deserunt laboriosam veritatis architecto sunt voluptatem. Aliquid aut sed aut sed alias dolor quo.'),
('54','54','54','Aut harum ex adipisci illo. Aut quo laboriosam expedita repellat velit voluptas provident quasi. Voluptatem aut voluptatem saepe. Ex cum et nemo voluptatem expedita.'),
('55','55','55','Eum sint sequi quidem optio. Doloremque qui maiores similique perferendis. Dignissimos natus ab et aut nobis velit dolorum dolorum.'),
('56','56','56','Ut quia corporis nostrum in. Harum ea aut velit sed nam ut. Minus voluptatem ullam ullam ut et dolor doloremque. Vel commodi illum esse quia voluptas est.'),
('57','57','57','Velit quia dolorum quaerat est non quia. Et omnis sed quae voluptas voluptatem. Unde occaecati velit temporibus et dicta quidem. Maxime aut dolor debitis ad ducimus similique architecto.'),
('58','58','58','Hic fuga qui ab aut unde nulla. Aut ratione rerum natus aliquid nulla non. Sit perspiciatis ipsa quia delectus.'),
('59','59','59','Molestias sit iste consequatur error cumque eum. Quo velit magnam ullam ut. Quam doloribus praesentium commodi labore qui.'),
('60','60','60','Itaque non magnam non. Eligendi natus sapiente dolor laborum eligendi vel. Dolores perspiciatis dolor sint eos. Maxime perspiciatis iste pariatur error qui dignissimos amet.'),
('61','61','61','Unde non exercitationem earum nesciunt et et dolores. Et iure voluptatum qui et eos odio nihil. Sed voluptatem facilis cupiditate reprehenderit sed dolores.'),
('62','62','62','Delectus ipsum dolor consectetur. Sunt officia ipsa accusantium quia et quas. Voluptatibus doloribus ut et animi doloremque modi eligendi. Voluptatibus eveniet voluptatem id et nostrum voluptatem unde.'),
('63','63','63','Necessitatibus occaecati corrupti alias est vero quidem omnis. Consectetur et aliquid voluptatem quam.'),
('64','64','64','Nostrum vero sed impedit maxime ex sed fugit. Sit unde a id commodi et in est. Dolorem iusto qui sunt aspernatur nihil voluptas eaque.'),
('65','65','65','Perspiciatis voluptatem autem fugiat voluptatibus dolorum. Sit recusandae quod reprehenderit ea sapiente ipsa. Sed animi excepturi est asperiores id molestias. Voluptatem ut illum beatae quam inventore et.'),
('66','66','66','Porro nobis iste ipsum at maiores. Et sed ea doloremque dolores. Repellat repudiandae dolores dolor.'),
('67','67','67','Rerum enim blanditiis sunt ut. Dolores et ut illum molestias reprehenderit consequatur. Facilis recusandae id non magnam non aut deserunt.'),
('68','68','68','Quisquam iure neque nihil. Velit pariatur dolores minus occaecati itaque dolorem velit. Porro quia officiis pariatur adipisci nihil quia ducimus.'),
('69','69','69','Et nihil aut expedita illum et et nihil sit. Ut minus alias qui optio et sapiente reprehenderit. Doloribus ullam amet enim excepturi aliquam quo. Voluptatem corrupti fuga incidunt sunt itaque animi. Rem consequatur quasi maxime explicabo ea.'),
('70','70','70','Quisquam non mollitia assumenda aspernatur earum dolorum corporis accusantium. Delectus et non qui assumenda.'),
('71','71','71','Dolor nihil distinctio atque doloribus nisi. Distinctio ducimus ex laboriosam voluptas dolore quisquam. Et quia dolores doloremque aut molestias et.'),
('72','72','72','Ipsum iusto architecto rem eaque. Veniam magni maiores esse sed repudiandae praesentium dolorum accusamus. Assumenda impedit velit necessitatibus molestiae. Quia voluptatem quibusdam aut est numquam quas sunt.'),
('73','73','73','Tempore sit pariatur ut perferendis tenetur eos incidunt quia. Magni neque distinctio aut rerum cumque aut. Sit dolorem quis dolor ea facilis atque.'),
('74','74','74','Est est nostrum veritatis fugit cum ut. Dolor et dolores in qui voluptas fugit neque. Minima est aperiam saepe eum. Fuga quo et molestias.'),
('75','75','75','Consequatur aut eos aut laborum omnis exercitationem corrupti. Sapiente qui sed consequatur ut dolorem voluptatibus voluptatum assumenda. Repellendus repellat quo vitae minima laboriosam qui ad. Voluptas doloremque quae beatae possimus.'),
('76','76','76','Dignissimos vel sapiente quidem et enim dolorem ut corrupti. Commodi soluta dolorem numquam quia. Reiciendis est sequi minus.'),
('77','77','77','Aut quia possimus voluptatem aut consequatur ea dolor voluptates. Iste blanditiis veritatis culpa sed. Officia sed in voluptatibus similique placeat quia.'),
('78','78','78','Eum sint et aliquid architecto doloribus nostrum. Distinctio quia eos esse soluta qui et velit. Natus pariatur accusantium modi voluptatum. Odio error sint facilis non adipisci qui vel.'),
('79','79','79','Cum perferendis aut atque dicta impedit sint placeat. Explicabo quaerat delectus tempora iusto consequatur. Sint asperiores repellendus sunt ea. Qui sed laudantium velit.'),
('80','80','80','Repellat neque eveniet nihil necessitatibus consequuntur qui minus. Eveniet nam sed quia facilis nisi ipsa maiores. Dolorum et ex voluptatem a non et rem aut.'),
('81','81','81','Rerum consequatur id magnam doloribus unde dicta. Cum quia placeat et. Recusandae atque beatae cum. Beatae magnam eos animi voluptate.'),
('82','82','82','Recusandae esse tempore voluptatem sed quos non. Ut at mollitia consequatur eos qui similique. Voluptate aspernatur nesciunt exercitationem sint rem rerum.'),
('83','83','83','Ratione voluptatem natus amet id debitis. Rerum ducimus rerum recusandae praesentium magnam magni. Molestiae voluptates et modi itaque. Deleniti corrupti ut exercitationem rem assumenda.'),
('84','84','84','Est voluptatibus velit qui occaecati non. Quis quo vel aspernatur sit et iusto excepturi. Tenetur aspernatur eligendi optio minus aperiam est. Voluptas quidem sequi inventore autem inventore.'),
('85','85','85','Perspiciatis placeat voluptas voluptas placeat recusandae et. Eum illum dolorem molestias quasi eligendi cumque consequatur possimus. Autem maiores illum repudiandae similique corporis officia.'),
('86','86','86','Mollitia ut quis quo aspernatur repudiandae praesentium. Esse ipsum deserunt error molestiae et illum. Explicabo voluptatum recusandae velit rerum.'),
('87','87','87','Molestias neque non qui culpa corporis consequatur temporibus sed. Natus qui dolorem id esse voluptatem aliquam sapiente. Sint qui praesentium iure nostrum voluptatem animi quis. Velit consequatur nobis deserunt laudantium commodi impedit esse.'),
('88','88','88','Reiciendis sint incidunt et excepturi. Voluptates id dignissimos officiis dicta. Officiis necessitatibus nam dolorem fuga quia error aut est. Rerum voluptatum omnis deleniti quos.'),
('89','89','89','Pariatur quod recusandae dolorum quidem suscipit iure. Dolor laborum similique est est. Nihil voluptatibus at ab consequatur quod. Sit repellat nam qui aut.'),
('90','90','90','Aperiam sint ut quaerat ipsa. In architecto numquam dolor repudiandae. Hic cum aliquid sint. Sint doloremque nihil rerum sequi esse eius earum est.'),
('91','91','91','Dolores et non ut aut. Porro ut aut nesciunt esse.'),
('92','92','92','Vel perspiciatis eos ad laudantium minima. Ea quia sunt beatae id dolorem.'),
('93','93','93','Qui nihil ducimus eius non. Molestias excepturi repellat veniam omnis odio.'),
('94','94','94','Voluptas eos quia assumenda asperiores adipisci. Hic sunt aliquam rerum deleniti est aut temporibus sunt. Laborum reiciendis earum beatae quasi totam. Qui ad ex totam numquam minus. Debitis vel adipisci atque odio sequi et.'),
('95','95','95','Officiis qui nihil illum quam sit optio fugiat. Necessitatibus qui nemo voluptatibus ipsam quo magnam sequi. Aperiam dolorem id velit assumenda ducimus.'),
('96','96','96','Velit id consectetur dolor ab itaque porro enim repellendus. Alias reprehenderit voluptas saepe. Est fugit at soluta optio.'),
('97','97','97','Delectus possimus aut accusamus quia provident. Accusamus enim exercitationem laboriosam quia molestiae. Eaque necessitatibus ut ex quia. Sed commodi corporis sunt sint aut blanditiis ut.'),
('98','98','98','Nihil sint deserunt facere autem unde omnis. Culpa est quos sed laboriosam quasi. Delectus veritatis tempore tenetur dolorum voluptas. Occaecati porro sed quis ea ducimus magni repellat.'),
('99','99','99','Voluptatem iure id ratione est repudiandae. Quia ex ullam aut mollitia qui ut libero. Aut omnis in aspernatur voluptatibus saepe tempore distinctio.'),
('100','100','100','Sit ipsa rerum ratione voluptatem ipsa. Eaque est pariatur velit est. Sit vitae nemo dignissimos totam.'); 


DROP TABLE IF EXISTS `users`;
CREATE TABLE `users` (
  `id` bigint(20) unsigned NOT NULL AUTO_INCREMENT,
  `firstname` varchar(50) COLLATE utf8_unicode_ci DEFAULT NULL,
  `lastname` varchar(50) COLLATE utf8_unicode_ci DEFAULT NULL COMMENT 'Фамиль',
  `email` varchar(120) COLLATE utf8_unicode_ci DEFAULT NULL,
  `phone` bigint(20) DEFAULT NULL,
  PRIMARY KEY (`id`),
  UNIQUE KEY `email` (`email`),
  KEY `users_phone_idx` (`phone`),
  KEY `users_firstname_lastname_idx` (`firstname`,`lastname`)
) ENGINE=InnoDB AUTO_INCREMENT=101 DEFAULT CHARSET=utf8 COLLATE=utf8_unicode_ci;

INSERT INTO `users` VALUES ('1','Benny','Roob','viviane11@example.com','55'),
('2','Gladys','Corwin','ngoodwin@example.com','8403426715'),
('3','Aurelio','Johnston','gkemmer@example.com','1'),
('4','Kelvin','Senger','bergstrom.lenna@example.org','28'),
('5','Jailyn','Emard','adelia26@example.org','0'),
('6','Jaydon','Hartmann','jaydon.lang@example.com','999867'),
('7','Cole','D\'Amore','hayley.blick@example.org','180'),
('8','Frieda','Senger','ayla.west@example.net','0'),
('9','Maya','Lockman','abraham84@example.net','272'),
('10','Raven','Brown','jettie02@example.org','361328'),
('11','Jamar','Thompson','jward@example.net','404'),
('12','Alisa','Kuphal','rolfson.claud@example.net','0'),
('13','Kariane','Spinka','wschuster@example.net','310569'),
('14','Kenton','Brekke','raoul.williamson@example.com','894584'),
('15','Hildegard','Friesen','elton.larkin@example.org','791'),
('16','Anastasia','Considine','keebler.osborne@example.org','0'),
('17','Kiara','Kozey','modesta.zemlak@example.net','8407690993'),
('18','Andres','Carter','tstanton@example.net','30'),
('19','Gabe','Terry','moshe11@example.org','0'),
('20','Gerry','Auer','theo52@example.org','1'),
('21','Linnie','Runte','lyric.kerluke@example.org','876097'),
('22','Axel','Macejkovic','mariana.swaniawski@example.com','0'),
('23','Rudy','Buckridge','travon53@example.com','9102001324'),
('24','Isom','Kuhic','elinore31@example.net','809283'),
('25','Henderson','Boyle','charlene99@example.net','348347'),
('26','Ludie','Ankunding','jenifer93@example.org','146249'),
('27','Aleen','Willms','wolff.roger@example.org','0'),
('28','Jalen','Smith','everardo34@example.org','0'),
('29','Corrine','Welch','taryn59@example.com','571'),
('30','Theron','Goldner','gulgowski.estella@example.com','690'),
('31','Alena','Williamson','hweber@example.net','0'),
('32','Carmela','McGlynn','berneice.flatley@example.net','1'),
('33','Cary','Runolfsdottir','virginia.hansen@example.net','112'),
('34','Kathryne','Robel','dquitzon@example.com','292'),
('35','Tracy','Mosciski','matteo.turner@example.com','1'),
('36','Easton','Gerhold','tomas.marks@example.com','315'),
('37','Lyric','Ernser','ernesto.beatty@example.com','1'),
('38','Gretchen','Ledner','casandra75@example.com','54'),
('39','Franco','Williamson','collins.retha@example.com','57'),
('40','Roxanne','Deckow','dframi@example.com','0'),
('41','Eldora','Yundt','casandra.herman@example.org','666627'),
('42','Hosea','Langosh','korey73@example.org','0'),
('43','Clare','O\'Hara','murazik.lelah@example.net','758794'),
('44','Friedrich','Torp','darron.kreiger@example.org','11'),
('45','Alanna','Hartmann','wwilliamson@example.net','51'),
('46','Americo','Lehner','block.zoe@example.net','959'),
('47','Theo','Leuschke','shaylee43@example.com','160'),
('48','Forrest','Towne','tatum.murray@example.com','1'),
('49','Arnold','Ryan','qlangworth@example.com','873543'),
('50','Kiera','Kovacek','schmidt.cheyenne@example.net','1'),
('51','Christy','Ferry','jordon.legros@example.org','199'),
('52','Cody','Jaskolski','wilkinson.annabel@example.net','1588768340'),
('53','Isidro','Cormier','presley34@example.org','351726'),
('54','Everardo','Zemlak','delbert.christiansen@example.org','119'),
('55','Pierce','Littel','kmraz@example.com','215'),
('56','Ryan','Carroll','elenor67@example.net','0'),
('57','Shaun','Purdy','skiles.cathrine@example.com','1'),
('58','Jarvis','Kozey','donnelly.braulio@example.com','815'),
('59','Noelia','Bartoletti','mbarton@example.org','165371'),
('60','Sadie','Jacobson','guiseppe35@example.com','227244'),
('61','Emilio','Mraz','corwin.rahul@example.net','456851'),
('62','Kelley','Bayer','aosinski@example.net','1'),
('63','Thomas','Sporer','karolann11@example.org','1'),
('64','Donnell','Huel','marianne.orn@example.com','1'),
('65','Ora','Kessler','reynolds.karianne@example.org','306'),
('66','Tatyana','Stroman','considine.gina@example.com','0'),
('67','Audie','Kreiger','twalsh@example.net','412'),
('68','Bruce','Heidenreich','mona85@example.org','671645'),
('69','Garrison','Wyman','bailee.kutch@example.org','0'),
('70','Zora','Murray','king.destiney@example.org','1'),
('71','Wilma','Gerlach','audra92@example.net','760'),
('72','Fermin','Luettgen','ferry.mara@example.org','492408'),
('73','Daniela','Abbott','carter54@example.org','960'),
('74','Dameon','Witting','orpha30@example.com','0'),
('75','Flossie','Mills','fjenkins@example.org','1'),
('76','Murray','Emmerich','fausto.bogisich@example.com','3073258616'),
('77','Michele','Hirthe','mcclure.furman@example.com','725902'),
('78','Perry','Robel','ramon16@example.net','145'),
('79','Abraham','Graham','luz.hyatt@example.org','271'),
('80','Richmond','Becker','ena46@example.org','1'),
('81','Dahlia','Hammes','tmcglynn@example.com','1'),
('82','Emmy','Stracke','ogleichner@example.org','796349'),
('83','Chester','Kuhic','ykeeling@example.org','0'),
('84','Lelia','Cole','mikayla82@example.org','0'),
('85','Evelyn','Senger','salma.ankunding@example.com','804'),
('86','Carlos','Sawayn','arvid.wisoky@example.net','40'),
('87','Lou','Spinka','itorp@example.net','65'),
('88','Blanche','Fritsch','jana82@example.com','1'),
('89','Neil','Osinski','lesch.ignacio@example.com','0'),
('90','Carley','Ankunding','kdickinson@example.org','40'),
('91','Amelia','Sauer','gage.satterfield@example.com','0'),
('92','Mallory','Williamson','rogahn.cooper@example.com','1'),
('93','Dawn','Hodkiewicz','icie.zieme@example.com','1'),
('94','Aurelie','Marquardt','jerod.erdman@example.com','103'),
('95','Fernando','Friesen','vena93@example.com','219'),
('96','Llewellyn','Bernier','addie.johnson@example.org','1'),
('97','Caterina','Glover','mgibson@example.com','524130'),
('98','Rasheed','Schaefer','erin95@example.org','1'),
('99','Shawn','Schultz','bortiz@example.net','0'),
('100','Angus','Johnson','lucio.quitzon@example.org','1'); 


DROP TABLE IF EXISTS `users_communities`;
CREATE TABLE `users_communities` (
  `user_id` bigint(20) unsigned NOT NULL,
  `community_id` bigint(20) unsigned NOT NULL,
  PRIMARY KEY (`user_id`,`community_id`),
  KEY `community_id` (`community_id`),
  CONSTRAINT `users_communities_ibfk_1` FOREIGN KEY (`user_id`) REFERENCES `users` (`id`),
  CONSTRAINT `users_communities_ibfk_2` FOREIGN KEY (`community_id`) REFERENCES `communities` (`id`)
) ENGINE=InnoDB DEFAULT CHARSET=utf8 COLLATE=utf8_unicode_ci;

INSERT INTO `users_communities` VALUES ('1','1'),
('2','2'),
('3','3'),
('4','4'),
('5','5'),
('6','6'),
('7','7'),
('8','8'),
('9','9'),
('10','10'),
('11','11'),
('12','12'),
('13','13'),
('14','14'),
('15','15'),
('16','16'),
('17','17'),
('18','18'),
('19','19'),
('20','20'),
('21','21'),
('22','22'),
('23','23'),
('24','24'),
('25','25'),
('26','26'),
('27','27'),
('28','28'),
('29','29'),
('30','30'),
('31','31'),
('32','32'),
('33','33'),
('34','34'),
('35','35'),
('36','36'),
('37','37'),
('38','38'),
('39','39'),
('40','40'),
('41','41'),
('42','42'),
('43','43'),
('44','44'),
('45','45'),
('46','46'),
('47','47'),
('48','48'),
('49','49'),
('50','50'),
('51','51'),
('52','52'),
('53','53'),
('54','54'),
('55','55'),
('56','56'),
('57','57'),
('58','58'),
('59','59'),
('60','60'),
('61','61'),
('62','62'),
('63','63'),
('64','64'),
('65','65'),
('66','66'),
('67','67'),
('68','68'),
('69','69'),
('70','70'),
('71','71'),
('72','72'),
('73','73'),
('74','74'),
('75','75'),
('76','76'),
('77','77'),
('78','78'),
('79','79'),
('80','80'),
('81','81'),
('82','82'),
('83','83'),
('84','84'),
('85','85'),
('86','86'),
('87','87'),
('88','88'),
('89','89'),
('90','90'),
('91','91'),
('92','92'),
('93','93'),
('94','94'),
('95','95'),
('96','96'),
('97','97'),
('98','98'),
('99','99'),
('100','100'); 


/*!40101 SET SQL_MODE=@OLD_SQL_MODE */;
/*!40014 SET FOREIGN_KEY_CHECKS=@OLD_FOREIGN_KEY_CHECKS */;
/*!40014 SET UNIQUE_CHECKS=@OLD_UNIQUE_CHECKS */;
/*!40101 SET CHARACTER_SET_CLIENT=@OLD_CHARACTER_SET_CLIENT */;
/*!40101 SET CHARACTER_SET_RESULTS=@OLD_CHARACTER_SET_RESULTS */;
/*!40101 SET COLLATION_CONNECTION=@OLD_COLLATION_CONNECTION */;
/*!40111 SET SQL_NOTES=@OLD_SQL_NOTES */;


-- ii. Написать скрипт, возвращающий список имен (только firstname) пользователей без повторений в алфавитном порядке

select distinct `firstname`
from `users`
order by `firstname`;

-- iii. Написать скрипт, отмечающий несовершеннолетних пользователей как неактивных (поле is_active = false). 
-- Предварительно добавить такое поле в таблицу profiles со значением по умолчанию = true (или 1)

alter table `profiles`
add column `is_active` BIT default 1;

update `profiles`
set `is_active`= 0
where (`birthday` + interval 18 year) > now();

-- проверка неактивных
select *
from `profiles`
where `is_active`= 0
order by `user_id`;

-- iv. Написать скрипт, удаляющий сообщения «из будущего» (дата позже сегодняшней)

delete from `messages`
where created_at > now();

